Sample name:	D5GR2_140p0uW_10e9A_405nm_P60V_longscan
Scan type:	Left -> Right
Direction:	X
Integration time (s):	0.500
Accumulations:	3
Line recovery time (s):	1.000
-------------------------------------------------------------------
Start X (um):	22494.942607
Start Y (um):	11649.960223
End X (um):	22744.971019
End Y (um):	11969.996591
X pixels:	100
Y pixels:	100
-------------------------------------------------------------------
Lock-in settings
Active:	1
Sensitivity:	100 mV [nA]
Time constant	100 ms
Input range:	300 mV
Amplitude (V):	0.000
Trigger:	External
Internal frequency (Hz):	200.000
Actual frequency (Hz):	319.210022
-------------------------------------------------------------------
Sourcemeter settings
Active:	1
Read:	1
Voltage (V):	6.000E+1
Compliance level (A):	1.000E-6
-------------------------------------------------------------------
Axis Calibration (px/um):	17.598
X (px)
132074	132030	131985	131941	131896	131852	131807	131763	131718	131674	131630	131585	131541	131496	131452	131407	131363	131318	131274	131230	131185	131141	131096	131052	131007	130963	130918	130874	130830	130785	130741	130696	130652	130607	130563	130518	130474	130430	130385	130341	130296	130252	130207	130163	130118	130074	130030	129985	129941	129896	129852	129807	129763	129718	129674	129630	129585	129541	129496	129452	129407	129363	129318	129274	129230	129185	129141	129096	129052	129007	128963	128918	128874	128830	128785	128741	128696	128652	128607	128563	128518	128474	128430	128385	128341	128296	128252	128207	128163	128118	128074	128030	127985	127941	127896	127852	127807	127763	127718	127674

Y (px)
205016	205073	205130	205187	205244	205300	205357	205414	205471	205528	205585	205642	205699	205756	205812	205869	205926	205983	206040	206097	206154	206211	206268	206324	206381	206438	206495	206552	206609	206666	206723	206780	206836	206893	206950	207007	207064	207121	207178	207235	207292	207348	207405	207462	207519	207576	207633	207690	207747	207804	207860	207917	207974	208031	208088	208145	208202	208259	208316	208372	208429	208486	208543	208600	208657	208714	208771	208828	208884	208941	208998	209055	209112	209169	209226	209283	209340	209396	209453	209510	209567	209624	209681	209738	209795	209852	209908	209965	210022	210079	210136	210193	210250	210307	210364	210420	210477	210534	210591	210648

-------------------------------------------------------------------
9.15432E+0	1.10578E+1	8.64904E+0	1.11345E+1	8.75754E+0	9.20093E+0	9.33708E+0	8.74433E+0	8.46559E+0	8.28297E+0	9.84807E+0	8.23721E+0	8.76711E+0	4.61762E+0	9.78536E+0	7.68804E+0	9.58490E+0	7.92150E+0	7.80849E+0	1.06763E+1	8.13994E+0	7.89918E+0	9.26777E+0	9.68476E+0	6.51612E+0	9.52138E+0	8.77357E+0	9.96819E+0	1.00207E+1	9.61142E+0	1.23956E+1	7.56002E+0	4.29165E+0	7.30694E+0	6.98358E+0	7.67006E+0	7.13824E+0	9.33637E+0	5.51797E+0	7.00762E+0	8.50572E+0	7.60968E+0	8.21438E+0	7.44735E+0	7.08025E+0	7.36585E+0	8.12790E+0	8.91775E+0	8.57551E+0	9.21345E+0	6.74562E+0	5.66048E+0	5.18718E+0	4.98675E+0	5.58743E+0	4.33635E+0	3.24546E+0	5.29229E+0	4.51772E+0	4.52747E+0	5.35064E+0	5.78813E+0	5.90783E+0	5.64755E+0	5.25372E+0	4.41229E+0	3.50910E+0	3.07125E+0	2.45251E+0	1.06155E+0	-1.91208E-1	7.90281E-1	1.53639E+0	2.47786E-1	8.32503E-2	1.50232E+0	-2.52023E-2	-4.31283E-1	1.08951E+0	1.54878E+0	3.79475E-1	-5.90617E-1	-3.32389E-1	1.80041E+0	1.50691E+0	-9.61710E-1	1.68341E+0	1.36155E+0	-5.59679E-1	6.12211E-1	1.96174E+0	-7.48753E-1	6.38817E-1	7.69285E-1	4.07584E-1	-1.10813E+0	5.05855E+0	5.41935E-1	-2.07388E-1	1.25821E+0
1.04934E+1	1.02576E+1	2.44455E+0	9.30531E+0	2.43111E+0	6.03563E+0	8.07298E+0	5.84830E+0	9.48273E-1	8.16858E+0	8.32665E+0	1.09631E+1	8.04744E+0	4.89622E+0	7.35457E+0	1.30179E+1	1.64746E+1	7.61806E+0	9.69298E+0	7.19390E+0	7.16430E+0	1.15897E+1	8.05947E+0	9.41592E+0	1.00316E+1	7.41050E+0	4.10188E+0	1.09655E+1	1.28809E+1	9.19378E+0	5.11289E+0	8.53913E+0	1.20967E+1	1.09728E+1	1.00005E+1	1.01762E+1	7.70140E+0	8.73599E+0	7.87035E+0	8.44646E+0	7.91076E+0	8.13986E+0	7.84309E+0	8.84325E+0	7.78598E+0	8.56472E+0	8.42004E+0	8.11387E+0	8.86961E+0	7.83047E+0	7.34008E+0	6.36599E+0	5.56734E+0	5.33140E+0	4.68338E+0	4.97796E+0	4.36908E+0	4.79611E+0	4.85139E+0	5.28786E+0	5.34393E+0	5.94567E+0	5.35457E+0	5.78870E+0	5.31016E+0	4.95512E+0	4.81601E+0	2.55458E+0	8.93899E-1	1.30574E+0	6.55968E-1	3.37417E-2	9.93414E-1	4.22041E-1	4.17585E-1	7.89125E-1	2.43326E-3	7.27493E-1	1.25008E+0	1.41330E-1	6.13105E-1	1.13112E+0	-3.50887E-1	1.54604E-1	1.52305E+0	1.02580E-1	9.80418E-1	-4.91581E-1	1.65929E+0	-3.74220E-1	1.64447E+0	-1.10416E-1	3.21002E-2	8.61908E-1	3.53968E-1	-1.85751E-1	5.11558E-1	9.21956E-2	9.99915E-1	-2.94028E-1
1.18255E+1	9.58709E+0	1.15753E+1	8.88867E+0	8.88395E+0	7.73345E+0	8.91444E+0	7.40284E+0	9.68433E+0	7.72712E+0	1.03357E+1	7.76455E+0	9.96815E+0	8.20295E+0	8.31946E+0	8.72130E+0	8.44568E+0	9.00346E+0	9.02801E+0	8.63646E+0	8.75814E+0	7.80811E+0	9.60377E+0	7.68144E+0	8.57772E+0	8.70342E+0	8.78695E+0	7.89638E+0	8.08778E+0	8.83919E+0	9.32733E+0	8.97252E+0	9.40123E+0	8.81848E+0	8.96829E+0	8.87973E+0	8.82141E+0	8.68574E+0	9.42480E+0	8.87653E+0	7.93118E+0	7.46814E+0	8.39478E+0	8.68016E+0	7.87801E+0	7.84285E+0	8.98221E+0	8.89826E+0	8.85000E+0	8.20299E+0	6.86740E+0	6.07908E+0	5.67779E+0	5.63801E+0	5.45777E+0	5.18300E+0	5.25346E+0	5.20432E+0	5.12758E+0	5.86034E+0	6.09356E+0	5.78409E+0	5.88378E+0	5.36080E+0	5.23475E+0	4.19991E+0	3.63362E+0	1.29450E+0	5.97687E-1	-2.65320E-1	7.78909E-1	1.48229E+0	6.48811E-1	-2.14552E-1	-1.19111E-1	1.37119E+0	8.32628E-1	-4.24538E-1	1.19501E+0	5.90112E-1	-3.27294E-1	1.59160E+0	4.20342E+0	1.39946E+0	2.03448E+0	-2.00231E+0	8.81023E-1	-1.01958E+0	4.90766E+0	-9.89508E-1	-3.96730E+0	5.71348E+0	-3.02913E-1	-3.14357E+0	1.94888E+0	6.44895E+0	-4.51951E-1	-2.21289E+0	-3.17075E+0	5.63514E-1
8.29585E+0	6.69152E+0	5.85532E+0	1.45505E+1	6.57974E+0	6.32369E+0	6.84400E+0	7.18769E+0	1.25969E+1	1.18018E+0	2.79263E+0	7.60732E+0	1.02302E+1	9.64933E+0	9.07887E+0	6.57915E+0	3.31762E+0	7.39964E+0	9.30338E+0	8.32351E+0	8.43883E+0	9.31177E+0	7.86581E+0	9.69167E+0	7.69899E+0	8.74561E+0	8.12574E+0	7.79905E+0	8.59998E+0	7.96983E+0	8.28186E+0	8.11793E+0	9.03912E+0	7.90778E+0	7.26951E+0	7.22658E+0	8.23938E+0	9.12900E+0	8.37545E+0	7.51888E+0	7.88074E+0	8.91366E+0	8.50274E+0	7.93136E+0	8.21356E+0	8.87995E+0	8.17259E+0	8.93859E+0	8.37171E+0	8.85084E+0	7.85332E+0	7.22375E+0	6.75491E+0	6.26291E+0	5.72499E+0	5.99767E+0	5.84220E+0	5.94976E+0	6.38724E+0	6.51534E+0	6.32837E+0	6.73026E+0	6.46342E+0	5.86118E+0	5.72145E+0	4.83622E+0	4.40030E+0	1.59643E+0	1.30137E+0	6.95507E-2	8.77798E-1	-1.52400E-1	9.63138E-1	1.23326E-1	9.26361E-1	-1.00380E-1	8.86215E-1	-7.64480E-2	1.01083E+0	-6.35532E-2	8.80487E-1	-2.62342E-2	1.08667E+0	-7.13003E-1	1.39168E+0	1.33852E-1	6.27241E-1	1.14371E+0	-7.76843E-1	1.60874E+0	-5.94369E-2	4.59408E-1	1.41198E+0	7.61135E-1	-5.57037E-1	-2.36055E-1	6.46904E-1	-4.39644E-1	5.35760E-2	1.38967E+0
1.11679E+1	9.57652E+0	9.44007E+0	1.02896E+1	8.87154E+0	6.44852E+0	7.20348E+0	8.50504E+0	9.38885E+0	8.56654E+0	8.02622E+0	8.75702E+0	1.00727E+1	9.02142E+0	8.78068E+0	8.76241E+0	9.20940E+0	9.46886E+0	8.38066E+0	8.33044E+0	8.09357E+0	8.17966E+0	8.02411E+0	8.02256E+0	7.79927E+0	7.98974E+0	8.72812E+0	9.39848E+0	7.23902E+0	8.79404E+0	8.61500E+0	7.82787E+0	8.09987E+0	8.89308E+0	8.13648E+0	7.96281E+0	7.97220E+0	8.89961E+0	8.58457E+0	7.95476E+0	8.42390E+0	8.79211E+0	8.51809E+0	8.10100E+0	8.58824E+0	8.88297E+0	8.38207E+0	8.97986E+0	8.47776E+0	8.86988E+0	7.63594E+0	7.29895E+0	6.99076E+0	6.74769E+0	6.28164E+0	6.47271E+0	6.76463E+0	6.95552E+0	7.00045E+0	6.94328E+0	7.01674E+0	6.78702E+0	6.08975E+0	6.03244E+0	5.85747E+0	4.61535E+0	4.50769E+0	1.65638E+0	6.20799E-1	1.00584E+0	4.24703E-1	3.21368E-1	1.01741E+0	3.09304E-1	-5.41261E-1	1.06915E+0	-2.10654E-2	-2.95463E-1	2.28865E-1	1.21421E+0	-2.12732E-2	-2.89145E-1	-4.73297E-1	3.81878E-1	8.34837E-1	1.08761E+0	1.10365E+0	6.86691E-1	1.55176E-1	1.62730E-3	5.20825E-2	1.48898E-3	1.13157E+0	1.45348E+0	3.00185E-1	-1.28515E+0	3.58552E-1	3.06288E-1	6.19852E-1	-5.72017E-1
1.01416E+1	9.29518E+0	1.06197E+1	1.05343E+1	7.69269E+0	7.05029E+0	8.31989E+0	6.74128E+0	8.75036E+0	7.77385E+0	9.52845E+0	9.39870E+0	8.22974E+0	9.99911E+0	8.90231E+0	7.53479E+0	9.20939E+0	8.98763E+0	6.10226E-1	1.05157E+1	1.03705E+1	8.60530E+0	9.14965E+0	8.61562E+0	8.31948E+0	5.52552E+0	1.28324E+0	8.90023E+0	8.32029E+0	7.77670E+0	8.64978E+0	5.41691E+0	5.94439E+0	7.84850E+0	8.64606E+0	7.81927E+0	8.90053E+0	3.59219E+0	8.63448E+0	8.13522E+0	8.33483E+0	8.71243E+0	3.91544E+0	6.33085E+0	1.01649E+1	9.78554E+0	8.77770E+0	1.00881E+1	9.09112E+0	1.13040E+1	1.09275E+1	7.48879E+0	7.35200E+0	8.58700E+0	6.91541E+0	7.04865E+0	7.32754E+0	7.43829E+0	7.37230E+0	6.64499E+0	7.13877E+0	6.87909E+0	6.70055E+0	6.65513E+0	8.88599E+0	4.92771E+0	4.15072E+0	2.14655E+0	7.81002E-1	7.59390E-1	8.47521E-1	5.03315E-1	2.02005E-1	-2.27124E-1	5.25816E-2	6.84551E-1	6.02399E-1	1.15401E+0	7.17335E-2	-1.68105E-1	4.92629E-1	8.57008E-1	8.27050E-1	7.71980E-1	1.60499E-1	-4.43291E-2	7.13146E-1	5.08461E-1	1.20690E+0	8.02909E-1	9.70703E-1	9.49965E-1	1.19837E+0	1.00359E+0	5.94329E-1	1.32644E+0	6.56489E-1	7.59050E-1	9.60225E+0	1.09921E+0
1.01204E+1	1.05227E+1	1.01900E+1	3.26948E+0	9.63258E+0	7.90617E+0	6.54475E+0	7.82223E+0	8.53615E+0	9.10906E+0	9.28130E+0	9.34779E+0	-2.80726E+0	1.92724E+0	8.42582E+0	8.76935E+0	9.64881E-1	9.58595E+0	2.27300E+1	2.47228E+0	8.21808E+0	8.30158E+0	8.66420E+0	8.53137E+0	8.67811E+0	8.35669E+0	8.44836E+0	2.02567E+1	8.77424E+0	8.45343E+0	8.71280E+0	8.64049E+0	8.53913E+0	8.52035E+0	8.33815E+0	8.50416E+0	8.63529E+0	8.68504E+0	8.65827E+0	8.46155E+0	8.50209E+0	8.55420E+0	8.76573E+0	8.69256E+0	8.65411E+0	8.80578E+0	9.04626E+0	9.04001E+0	9.28049E+0	8.78455E+0	8.38769E+0	7.95513E+0	7.73397E+0	7.42349E+0	7.36265E+0	7.60063E+0	7.68398E+0	7.52560E+0	7.57530E+0	7.39375E+0	7.19344E+0	6.96519E+0	6.46301E+0	6.04202E+0	5.84147E+0	5.17867E+0	3.97086E+0	1.94088E+0	1.07239E+0	9.33109E-1	5.84867E-1	4.51192E-1	6.47529E-1	2.67318E-1	3.50480E-1	5.92511E-1	6.38344E-1	-1.80952E+1	-1.08987E+1	1.57650E+0	4.49898E-1	-4.67298E+0	8.71544E+0	6.71187E-1	3.55539E-1	6.09520E-2	1.62575E+1	-7.24239E+0	6.03074E+0	5.44602E-1	5.65202E-1	8.26425E-1	7.61345E-1	2.01123E-1	1.00998E+0	-2.63736E-1	-7.77379E+0	2.08099E+0	-1.00512E+1	3.28161E+0
1.04655E+1	1.84102E+1	1.02714E+1	2.22969E+0	7.91852E+0	3.62058E+0	1.27215E+1	7.52084E+0	8.13535E+0	8.62087E+0	8.91965E+0	8.71788E+0	8.78144E+0	8.64054E+0	8.62471E+0	8.32136E+0	8.49474E+0	1.70588E+1	1.31495E+1	7.97409E+0	8.39730E+0	8.62832E+0	9.53608E+0	8.43361E+0	1.02664E+1	1.15231E+1	8.29561E+0	9.05030E+0	1.04323E+1	7.42359E+0	8.77424E+0	8.83402E+0	8.54669E+0	8.56112E+0	8.62633E+0	8.68727E+0	8.60466E+0	8.31200E+0	8.37757E+0	8.71079E+0	8.70980E+0	7.84720E+0	8.67214E+0	8.43474E+0	8.39446E+0	8.75667E+0	8.77653E+0	8.83968E+0	9.23850E+0	9.23757E+0	8.59328E+0	8.33524E+0	7.83065E+0	7.73136E+0	7.57436E+0	7.84965E+0	7.81761E+0	7.81890E+0	7.66306E+0	7.47572E+0	7.11605E+0	6.97780E+0	6.69758E+0	6.16342E+0	5.85063E+0	5.15091E+0	4.11843E+0	1.63937E+0	6.84853E-1	8.70522E-1	8.82826E-1	8.27644E-1	8.57730E-1	2.56427E-1	9.55629E-2	5.82009E-1	6.79415E-1	3.57666E-1	5.97665E-1	-4.77686E-2	7.03957E+0	-9.31974E-1	-3.15719E-1	3.33349E-1	-3.57781E-1	1.14981E+0	-1.89051E+0	-1.94122E+0	4.38084E+0	2.89999E+0	9.69345E-1	-8.55744E-1	-1.02711E+0	-2.60761E+0	7.21110E-1	1.44881E+0	3.88110E-1	-8.02288E-1	1.02653E+0	2.28309E-1
9.95509E+0	1.04653E+1	3.01225E+0	9.69070E+0	8.47187E+0	6.22712E+0	7.89696E+0	7.86375E+0	7.10494E+0	8.95278E+0	8.72736E+0	7.68107E+0	8.86642E+0	8.99614E+0	8.38949E+0	9.78031E+0	7.88301E+0	1.07749E+1	9.51300E+0	1.40276E+1	1.36248E+1	9.29278E+0	7.63789E+0	9.40514E+0	6.95739E+0	5.86473E+0	7.84531E+0	9.04258E+0	8.07825E+0	8.17442E+0	8.90079E+0	8.15573E+0	8.11668E+0	8.56614E+0	8.56678E+0	8.60284E+0	8.39408E+0	8.68135E+0	8.81802E+0	8.95309E+0	8.74778E+0	8.87860E+0	8.80004E+0	8.85315E+0	8.77948E+0	8.98130E+0	9.27933E+0	9.25373E+0	9.36035E+0	9.18368E+0	8.51975E+0	8.09372E+0	7.88344E+0	7.72814E+0	7.79737E+0	7.75784E+0	7.78517E+0	7.74550E+0	7.51817E+0	7.46737E+0	7.15456E+0	6.81719E+0	6.55518E+0	6.13029E+0	5.70225E+0	5.00444E+0	3.83019E+0	1.76614E+0	4.17827E-1	6.72250E-1	5.60550E-1	7.16742E-1	3.71818E-1	4.06413E-1	5.95256E-1	8.70350E-1	5.73463E-1	5.52306E-1	6.14909E-1	1.07521E+0	1.02695E+0	6.24759E-1	8.85296E-1	1.04938E+0	1.12846E+0	8.61012E-1	5.08308E-1	5.93421E-1	1.11021E+0	9.73086E-1	1.09641E+0	9.44518E-1	1.00711E+0	5.47622E-1	9.75829E-2	-1.15537E+0	1.05216E+0	1.11507E+0	8.72024E-1	4.54563E-1
1.02715E+1	1.03662E+1	1.00806E+1	9.14467E+0	7.72712E+0	7.45280E+0	7.87701E+0	7.74954E+0	8.55344E+0	8.90586E+0	9.03911E+0	8.57263E+0	8.93372E+0	8.72800E+0	8.41670E+0	8.58016E+0	8.82126E+0	8.25467E+0	8.29760E+0	8.67394E+0	8.59018E+0	8.36478E+0	8.58302E+0	8.93414E+0	8.34414E+0	8.85093E+0	8.74047E+0	8.50557E+0	8.56406E+0	7.90036E+0	7.94910E+0	8.31965E+0	8.58044E+0	8.26853E+0	8.40353E+0	8.85243E+0	8.57744E+0	8.22611E+0	8.78176E+0	9.17425E+0	8.58187E+0	8.82961E+0	8.84416E+0	8.87546E+0	8.92273E+0	9.24058E+0	9.12491E+0	9.29775E+0	9.41886E+0	9.59669E+0	8.79141E+0	8.26711E+0	8.19445E+0	7.94946E+0	8.03923E+0	8.07435E+0	8.01435E+0	8.01352E+0	7.75073E+0	7.63528E+0	7.42168E+0	6.96223E+0	6.74300E+0	6.28785E+0	5.74473E+0	5.03622E+0	4.23086E+0	1.93855E+0	9.69651E-1	8.64748E-1	6.45767E-1	6.34642E-1	5.09080E-1	4.86210E-1	6.56601E-1	1.03249E+0	3.57954E-1	7.01653E-1	5.08798E-1	5.42014E-1	2.50321E-1	7.04989E-1	-3.57297E-1	2.34762E+0	-1.35499E+1	1.70871E+0	5.92560E-1	1.81167E-1	2.20305E-1	6.50850E-1	1.34725E+0	2.37421E-1	2.29938E+1	4.85437E-1	2.80897E-1	1.72809E-1	5.39088E-1	8.69839E-1	8.01121E-1	3.20096E-1
1.02322E+1	1.71771E+1	-7.48065E+0	9.16449E+0	4.20621E+1	-1.91748E+1	1.17453E+1	3.24845E-1	1.91958E+0	8.80508E+0	9.17381E+0	9.30368E+0	2.13185E+1	6.87888E+0	8.90565E+0	9.20715E+0	8.90463E+0	3.49290E+1	8.26995E+0	8.57380E+0	1.14533E+0	1.77560E+1	9.01662E+0	9.00421E+0	-1.08016E+1	8.87386E+0	2.40719E+1	1.73770E+0	6.86652E+0	2.41121E+1	8.32245E+0	-3.78093E+0	9.09798E+0	1.39024E+1	1.05706E+0	8.68499E+0	5.45817E+0	8.91212E+0	8.43385E+0	8.57161E+0	8.99573E+0	8.70672E+0	8.79278E+0	8.89632E+0	8.96537E+0	9.21406E+0	9.24517E+0	9.30274E+0	9.49483E+0	9.50859E+0	8.78471E+0	8.42552E+0	8.16757E+0	8.03399E+0	8.06254E+0	8.04837E+0	7.97230E+0	7.85512E+0	7.74567E+0	7.45635E+0	7.29029E+0	7.05958E+0	6.64698E+0	6.10774E+0	5.64343E+0	4.97686E+0	3.98994E+0	1.66794E+0	8.06812E-1	6.93696E-1	6.57030E-1	6.59730E-1	6.10208E-1	8.67109E-1	7.90527E-1	8.68476E-1	8.79070E-1	7.97076E-1	8.80677E-1	8.00968E-1	7.62015E-1	8.69163E-1	9.19881E-1	2.71311E+0	-1.52054E+1	4.09006E+1	1.46212E+0	7.61458E-1	8.15128E-1	2.70071E-1	9.29072E-1	5.85670E-1	-6.05322E+0	2.61462E+0	5.37271E-1	1.25980E-1	-1.48688E-1	-3.75400E+0	1.19696E+0	4.85371E-1
1.04679E+1	1.07739E+1	-1.86315E+1	9.13573E+0	6.13352E+0	-3.17738E+1	1.79247E+1	5.13017E+0	4.77380E+1	8.98831E+0	-1.06740E+1	1.02706E+1	2.40022E+1	1.95963E+1	8.74443E+0	3.68537E+1	9.18508E+0	-1.14000E+1	9.92156E-1	1.09107E+1	1.09307E+1	8.27450E+0	2.77175E+1	9.87951E+0	8.70550E+0	7.13323E+0	2.34200E+1	8.71157E+0	5.84588E+0	-1.50318E+1	8.13106E+0	1.18182E+1	1.49069E+1	8.79309E+0	-1.53387E+1	8.04424E+0	-3.94666E+0	3.06843E+0	8.88488E+0	8.79796E+0	8.82076E+0	9.11814E+0	8.97448E+0	9.12698E+0	9.23322E+0	9.31003E+0	9.45328E+0	9.47252E+0	9.52075E+0	9.45226E+0	9.00125E+0	8.46707E+0	8.31039E+0	8.11585E+0	8.13232E+0	8.10590E+0	7.99963E+0	7.95656E+0	7.73244E+0	7.68508E+0	7.36985E+0	7.08826E+0	6.69879E+0	6.15842E+0	5.77667E+0	5.19375E+0	4.07385E+0	1.93818E+0	9.48266E-1	5.04302E-1	6.38000E-1	5.34193E-1	5.79470E-1	7.01614E-1	4.37982E-1	7.16938E-1	3.56508E-1	6.69732E-1	8.19474E-1	6.43901E-1	6.14418E-1	7.71125E-1	8.10252E-1	8.53208E-1	7.58936E-1	7.59898E-1	5.91435E-1	3.81528E-1	6.65741E-1	9.15138E-1	7.97440E-1	7.60358E-1	7.59558E-1	4.50243E-1	5.12216E-1	6.07801E-1	4.77870E-1	5.95012E-1	6.10673E-1	7.46133E-1
9.99966E+0	1.02337E+1	9.89747E+0	9.19301E+0	7.99363E+0	7.61135E+0	7.87962E+0	8.14036E+0	8.54436E+0	8.58692E+0	8.87114E+0	9.13640E+0	9.11213E+0	8.85372E+0	8.94181E+0	8.84915E+0	9.08144E+0	8.63282E+0	8.72694E+0	8.76294E+0	8.93626E+0	8.80045E+0	8.52486E+0	8.60159E+0	8.64414E+0	8.68659E+0	8.65538E+0	8.67036E+0	8.50438E+0	8.50682E+0	8.32727E+0	8.47519E+0	8.69815E+0	8.39181E+0	8.63142E+0	8.59679E+0	8.68768E+0	8.90154E+0	8.76765E+0	8.87888E+0	8.92568E+0	8.95089E+0	8.97754E+0	9.15665E+0	9.17889E+0	9.16902E+0	9.41246E+0	9.47680E+0	9.58292E+0	9.61759E+0	8.88225E+0	8.48545E+0	8.31530E+0	8.08854E+0	8.14148E+0	8.06252E+0	7.97621E+0	7.85421E+0	7.67761E+0	7.46105E+0	7.30928E+0	7.01951E+0	6.67645E+0	6.16964E+0	5.51827E+0	4.90164E+0	3.79880E+0	1.65796E+0	8.17181E-1	6.87510E-1	6.75765E-1	5.41727E-1	4.49641E-1	6.49205E-1	4.25209E-1	3.52388E-1	6.64658E-1	5.73403E-1	5.51683E-1	4.78656E-1	5.98805E-1	8.13311E-1	7.59387E-1	7.42580E-1	9.94075E-1	1.32139E+0	8.54993E-1	8.69257E-1	7.95280E-1	8.19009E-1	1.04927E+0	9.43924E-1	6.84163E-1	8.71230E-1	7.63266E-1	3.87070E-1	6.31651E-1	1.02537E+0	9.38358E-1	1.02335E+0
1.06036E+1	1.04541E+1	9.97014E+0	9.76720E+0	8.21325E+0	7.38502E+0	7.31059E+0	8.12377E+0	8.89588E+0	8.91676E+0	8.83094E+0	9.26791E+0	8.83277E+0	9.16232E+0	8.94178E+0	8.96266E+0	8.73365E+0	8.58201E+0	8.76878E+0	8.64318E+0	8.51720E+0	8.63197E+0	8.76957E+0	8.64154E+0	8.62977E+0	8.44238E+0	8.51475E+0	8.70076E+0	8.31892E+0	8.65525E+0	8.59756E+0	8.63749E+0	8.47332E+0	8.46894E+0	8.62056E+0	8.63893E+0	8.79356E+0	8.44412E+0	8.80217E+0	8.61237E+0	8.86546E+0	8.95005E+0	9.12380E+0	8.95384E+0	9.25034E+0	9.29069E+0	9.35509E+0	9.51711E+0	9.51098E+0	9.47423E+0	8.80160E+0	8.36376E+0	7.77545E+0	7.87813E+0	7.90462E+0	7.89099E+0	7.84293E+0	7.68452E+0	7.60086E+0	7.45043E+0	7.29133E+0	7.01688E+0	6.54225E+0	6.11412E+0	5.60236E+0	4.85507E+0	3.69891E+0	1.74182E+0	8.22486E-1	5.25230E-1	5.34840E-1	6.47233E-1	7.74998E-1	7.10882E-1	6.10994E-1	6.17001E-1	7.39591E-1	7.50945E-1	6.92434E-1	7.26204E-1	6.62513E-1	8.29357E-1	7.55874E-1	5.96929E-1	8.02421E-1	5.10845E-1	1.03541E+0	6.22455E-1	6.30441E-1	7.80186E-1	8.05727E-1	8.05004E-1	6.87576E-1	6.95053E-1	7.62763E-1	2.79053E-2	5.48862E-1	9.58729E-1	2.33398E-1	6.94917E-1
9.98899E+0	1.00103E+1	9.52465E+0	9.17858E+0	7.84761E+0	6.36775E+0	7.48118E+0	7.96172E+0	8.66306E+0	8.49995E+0	9.29317E+0	8.82526E+0	8.50027E+0	9.01187E+0	8.80954E+0	8.69352E+0	8.16302E+0	8.42523E+0	8.55666E+0	8.26436E+0	8.48109E+0	8.37569E+0	8.63142E+0	8.53959E+0	8.51152E+0	8.21056E+0	8.44117E+0	8.49385E+0	8.40068E+0	8.16404E+0	8.44726E+0	8.38743E+0	8.41673E+0	8.47409E+0	8.48056E+0	8.52008E+0	8.67286E+0	8.61689E+0	8.65838E+0	8.75719E+0	8.73022E+0	8.71614E+0	8.75165E+0	8.82941E+0	9.16700E+0	9.23408E+0	9.30297E+0	9.52924E+0	9.36087E+0	9.53576E+0	8.86112E+0	8.30447E+0	8.13653E+0	7.85763E+0	8.04714E+0	7.93415E+0	7.91209E+0	7.83555E+0	7.86536E+0	7.59729E+0	7.35851E+0	7.02604E+0	6.75226E+0	6.26215E+0	5.66100E+0	4.99283E+0	3.66258E+0	1.83048E+0	7.35437E-1	9.14281E-1	7.09121E-1	8.05091E-1	9.19322E-1	7.71886E-1	9.52686E-1	8.18045E-1	1.02316E+0	8.16889E-1	8.89567E-1	9.62675E-1	9.56117E-1	8.13188E-1	9.70301E-1	9.83842E-1	9.36199E-1	8.70592E-1	5.81190E-1	1.44436E+0	1.01733E+0	8.92538E-1	7.02208E-1	6.14703E-1	1.05596E+0	8.30512E-1	6.42978E-1	7.86077E-1	1.50765E+0	6.30039E-1	3.60015E-1	6.83413E-1
9.07218E+0	1.01652E+1	9.75580E+0	8.52661E+0	7.74080E+0	7.41058E+0	7.54083E+0	8.48320E+0	8.51103E+0	8.89024E+0	9.28850E+0	8.98617E+0	8.43883E+0	8.96573E+0	8.69721E+0	8.69328E+0	8.76266E+0	8.73033E+0	8.69740E+0	8.74264E+0	8.64456E+0	8.41063E+0	8.43752E+0	8.70754E+0	9.03924E+0	8.74507E+0	8.72090E+0	8.78591E+0	8.66595E+0	8.43678E+0	8.54356E+0	8.51916E+0	8.66370E+0	8.57273E+0	8.79705E+0	8.69016E+0	8.72196E+0	8.72817E+0	8.89476E+0	9.08460E+0	9.10548E+0	9.28683E+0	9.27932E+0	9.40189E+0	9.43884E+0	9.54895E+0	9.55815E+0	9.83300E+0	9.79875E+0	9.39601E+0	8.95537E+0	1.52163E+1	8.27826E+0	8.04601E+0	8.08867E+0	7.79774E+0	7.85143E+0	7.83738E+0	7.80668E+0	7.50929E+0	7.36688E+0	7.08792E+0	6.60046E+0	4.02189E-1	5.34591E+0	6.99343E-1	4.67770E+0	-7.37488E+0	8.89269E-1	6.74672E-1	-1.84134E+1	-3.61611E-1	3.05733E+0	-1.82752E+0	-1.07477E+1	6.68069E-1	-2.03931E+0	1.86577E-1	1.03660E+1	-2.66864E+0	1.19144E+0	2.03110E+0	7.12378E-1	-3.97641E+0	-5.24832E+0	1.30625E+0	2.22227E+0	9.85287E-1	1.42019E+1	1.71145E+0	-6.11253E+0	-5.22535E+0	8.41822E-1	-5.28504E+0	6.84348E-1	-1.95108E+1	-6.20184E+0	1.91246E-1	-1.72909E-1	-5.05548E+1
9.93071E+0	9.77002E+0	2.04754E+1	3.06891E+1	8.37386E+0	7.40132E+0	7.67446E+0	7.87113E+0	8.94451E+0	8.91625E+0	9.15588E+0	8.77687E+0	9.15078E+0	9.15073E+0	8.92208E+0	9.10510E+0	8.78893E+0	9.31581E+0	8.69479E+0	8.49904E+0	8.95157E+0	8.83710E+0	8.44100E+0	8.52724E+0	8.95115E+0	8.57827E+0	8.46635E+0	8.61293E+0	8.58128E+0	8.57100E+0	8.73216E+0	8.32071E+0	8.68423E+0	8.70462E+0	8.79423E+0	8.72897E+0	8.72405E+0	8.98898E+0	9.08017E+0	8.99412E+0	8.94249E+0	9.21425E+0	9.04190E+0	9.33032E+0	9.31846E+0	9.44191E+0	9.64633E+0	9.65951E+0	9.69554E+0	9.48360E+0	8.80769E+0	8.52048E+0	8.21615E+0	8.10756E+0	8.04278E+0	7.90993E+0	7.70547E+0	7.86059E+0	7.75108E+0	7.70269E+0	7.36314E+0	6.92711E+0	6.46802E+0	6.19754E+0	5.53477E+0	4.62254E+0	3.36047E+0	1.48073E+0	8.69856E-1	6.40228E-1	5.87213E-1	4.03777E-1	7.26590E-1	5.78059E-1	6.62837E-1	4.16838E-1	7.70183E-1	3.62054E-1	5.82114E-1	8.38115E-1	8.29568E-1	7.13805E-1	9.05818E-1	7.28726E-1	6.35589E-1	9.05801E-1	1.05897E+0	9.82146E-1	9.59901E-1	6.61823E-1	5.68934E-1	1.19362E+0	1.30350E+0	8.30095E-1	9.44348E-1	8.48139E-1	1.04546E+0	9.57452E-1	4.24026E-1	7.90278E-1
1.01470E+1	1.00690E+1	9.62259E+0	8.64407E+0	8.57606E+0	7.20742E+0	7.30708E+0	8.25118E+0	8.78722E+0	8.56933E+0	8.99613E+0	8.90657E+0	9.05653E+0	9.11839E+0	8.70658E+0	8.93873E+0	8.82665E+0	9.18894E+0	8.66477E+0	8.99788E+0	8.78742E+0	8.93890E+0	8.91519E+0	8.72435E+0	8.75852E+0	8.93733E+0	8.65519E+0	8.85951E+0	8.64750E+0	8.60651E+0	8.73344E+0	8.51033E+0	8.61743E+0	8.60181E+0	8.79937E+0	8.51526E+0	8.74842E+0	8.85409E+0	8.98483E+0	8.96717E+0	8.97700E+0	9.21652E+0	9.26307E+0	9.22731E+0	9.40404E+0	9.48294E+0	9.60185E+0	9.69105E+0	9.65986E+0	9.49266E+0	8.83199E+0	8.54023E+0	8.27384E+0	8.05400E+0	8.10354E+0	7.96671E+0	7.96596E+0	7.91688E+0	7.84220E+0	7.70003E+0	7.50169E+0	7.16863E+0	6.68742E+0	6.41926E+0	5.72757E+0	4.73268E+0	3.48272E+0	1.61907E+0	1.01949E+0	9.18228E-1	8.51578E-1	8.13319E-1	8.06986E-1	8.41514E-1	9.35213E-1	9.35603E-1	1.11343E+0	9.63953E-1	1.01022E+0	9.94140E-1	1.08026E+0	1.24143E+0	1.01770E+0	1.05099E+0	8.71742E-1	8.40071E-1	1.26377E+0	7.34537E-1	1.42005E+0	9.11093E-1	1.06215E+0	1.13604E+0	8.48837E-1	7.34449E-1	9.01865E-1	9.80718E-1	4.41470E-1	7.99531E-1	5.39795E-1	6.89377E-1
1.01768E+1	1.00562E+1	9.96763E+0	9.10091E+0	7.88767E+0	7.69734E+0	7.34457E+0	8.51924E+0	9.26233E+0	6.47002E+0	2.50165E+1	-3.54105E+0	8.45668E+0	9.29056E+0	9.06109E+0	9.22324E+0	9.18971E+0	8.99604E+0	7.66154E+0	3.76124E+1	1.20831E+1	8.67340E+0	8.61877E+0	8.80107E+0	8.82021E+0	8.83655E+0	8.85229E+0	7.75480E+0	-8.32982E+0	8.74387E+0	-1.24847E+1	8.22752E+0	2.44574E+1	9.12007E+0	-2.36343E+0	8.98601E+0	-7.89017E+0	8.63192E+0	-1.96064E-1	6.14076E+0	1.06032E+1	-2.29141E+0	9.17105E+0	9.26612E+0	9.50056E+0	7.48701E+0	1.25579E+1	9.75233E+0	1.62648E+1	9.62717E+0	1.51699E+1	8.66733E+0	9.09616E+0	1.26289E+1	8.15411E+0	9.90308E+0	8.16527E+0	7.10751E+0	9.34534E+0	7.78216E+0	1.26745E+1	7.16516E+0	6.82157E+0	6.24855E+0	5.84389E+0	5.06200E+0	3.46500E+0	1.64492E+0	1.05617E+0	8.99246E-1	9.30762E-1	8.42157E-1	8.62771E-1	9.77212E-1	7.76941E-1	9.39392E-1	9.38374E-1	9.72470E-1	9.31832E-1	1.12853E+0	1.23918E+0	8.92655E-1	9.75804E-1	1.12643E+0	5.86857E-1	7.41756E-1	9.88473E-1	7.70115E-1	9.77516E-1	-6.60647E+0	3.26791E+0	-1.48502E+1	6.20733E-1	6.74487E-1	8.95543E-1	9.71508E-1	4.96927E-1	6.99835E-1	-1.89005E+1	3.13757E-1
9.71955E+0	1.00345E+1	1.00468E+1	4.56881E+1	8.28238E+0	7.32421E+0	-2.40224E+0	1.43420E+1	6.08554E+0	-3.26166E+1	8.95533E+0	4.93723E+1	1.12335E+1	2.21803E+1	2.68248E+1	9.32122E+0	4.44575E+1	9.11164E+0	1.53699E+0	1.02914E+1	5.75718E-1	9.15025E+0	8.93609E+0	-2.66073E+0	8.48128E+0	8.69262E+0	4.60931E+0	-2.27895E+0	9.04948E+0	3.12573E+1	2.89560E+1	9.03854E+0	-2.94855E+0	-1.04399E+0	9.05858E+0	2.44410E+1	9.29732E+0	-7.65113E+0	7.42910E+0	6.26722E+0	7.42623E+0	9.14231E+0	2.42614E+1	9.59571E+0	9.49274E+0	9.69385E+0	9.79479E+0	9.89721E+0	9.84448E+0	9.39446E+0	8.92843E+0	8.63944E+0	8.15968E+0	8.03326E+0	8.09592E+0	8.11553E+0	8.07995E+0	8.07688E+0	8.00162E+0	7.76139E+0	7.35613E+0	7.00320E+0	6.73781E+0	6.24329E+0	5.72552E+0	4.82910E+0	3.13749E+0	1.60309E+0	1.09496E+0	1.01948E+0	1.01180E+0	8.77140E-1	9.96828E-1	9.85624E-1	9.58493E-1	9.08031E-1	8.24619E-1	8.72463E-1	9.18510E-1	9.48338E-1	1.04143E+0	8.57466E-1	8.45567E-1	8.66762E-1	8.88962E-1	8.81819E-1	1.12067E+0	1.19469E+0	7.22607E-1	1.00469E+0	1.08701E+0	1.01676E+0	9.76172E-1	1.01702E+0	6.49804E-1	9.49041E-1	6.89886E-1	9.53275E-1	6.68140E-1	6.89525E-1
1.00601E+1	1.01515E+1	9.65666E+0	9.32908E+0	8.20788E+0	7.36695E+0	7.84724E+0	8.32862E+0	9.12975E+0	9.03557E+0	9.13658E+0	9.30424E+0	8.85439E+0	9.01278E+0	9.07075E+0	9.24800E+0	8.65148E+0	8.62707E+0	8.83925E+0	8.67609E+0	8.78719E+0	8.69275E+0	8.64475E+0	8.81140E+0	8.78059E+0	8.69046E+0	8.51301E+0	8.80612E+0	8.82445E+0	8.79367E+0	8.71996E+0	8.74459E+0	8.74403E+0	8.94656E+0	8.87367E+0	8.96882E+0	8.93234E+0	9.11925E+0	9.08940E+0	9.20158E+0	9.15790E+0	9.42499E+0	9.48777E+0	9.41669E+0	9.52425E+0	9.60979E+0	9.66865E+0	9.73147E+0	9.84221E+0	9.55060E+0	8.94415E+0	8.58267E+0	8.32915E+0	8.13280E+0	8.13553E+0	8.00716E+0	8.04508E+0	8.07555E+0	7.88721E+0	7.79014E+0	7.50730E+0	7.16272E+0	6.82585E+0	6.26133E+0	5.58071E+0	4.74899E+0	2.94321E+0	1.56826E+0	1.04321E+0	7.59075E-1	8.45926E-1	7.69294E-1	8.28019E-1	9.33332E-1	8.87927E-1	7.53018E-1	7.68187E-1	8.03594E-1	8.83340E-1	8.50969E-1	9.91768E-1	9.34137E-1	9.14147E-1	1.07123E+0	9.31706E-1	8.79726E-1	1.08641E+0	9.93381E-1	1.09074E+0	1.05033E+0	1.02088E+0	1.00651E+0	8.89703E-1	4.13325E-1	8.69362E-1	9.14152E-1	1.02680E+0	8.75153E-1	8.30950E-1	1.31982E+0
1.04473E+1	9.90392E+0	9.79436E+0	8.71410E+0	8.20451E+0	7.55377E+0	8.63263E+0	8.63134E+0	8.96533E+0	8.94108E+0	9.27363E+0	9.27270E+0	9.48547E+0	9.15464E+0	8.92705E+0	9.12049E+0	8.89452E+0	9.02992E+0	8.97468E+0	8.88235E+0	8.84992E+0	8.72336E+0	-6.09917E+0	4.21128E+1	9.16294E+0	8.79002E+0	8.63911E+0	8.69985E+0	8.86531E+0	8.69213E+0	1.91110E+1	1.09877E+1	8.91551E+0	8.82817E+0	8.86947E+0	8.86389E+0	8.76932E+0	8.97571E+0	6.35252E+0	1.55390E+1	9.50449E+0	-2.06444E+0	9.21966E+0	1.10622E+1	1.09519E+1	8.33641E+0	1.70758E+1	9.77060E+0	4.21268E+0	9.57216E+0	7.80761E+0	8.03649E+0	8.22762E+0	1.25703E+1	8.04870E+0	5.94215E+0	8.48872E+0	7.32806E+0	1.02844E+1	7.73278E+0	1.05150E+1	7.25068E+0	7.31214E+0	3.89065E+0	6.26040E+0	-2.76150E+0	2.94950E+0	1.15990E+1	-1.45599E-1	7.01755E+0	-7.63326E+0	9.87224E-1	-1.12812E+1	1.28518E+0	4.11643E+0	1.55259E+0	1.02827E+0	9.95441E-1	1.04482E+0	1.05061E+0	1.11874E+0	1.09674E+0	1.05699E+0	9.90590E-1	1.17938E+0	1.09425E+0	9.32226E-1	1.04638E+0	1.13847E+0	8.13334E-1	1.00514E+0	1.12798E+0	9.93326E-1	1.14213E+0	8.60967E-1	8.92789E-1	8.92613E-1	6.98122E-1	9.28250E-1	9.31072E-1
1.02472E+1	9.95107E+0	9.81895E+0	8.73227E+0	8.14279E+0	7.57648E+0	8.10385E+0	8.52668E+0	8.98580E+0	9.11435E+0	9.26794E+0	9.24479E+0	9.01702E+0	9.08382E+0	8.94423E+0	9.02924E+0	8.92168E+0	8.82671E+0	8.89820E+0	8.65527E+0	8.60983E+0	8.81766E+0	8.77031E+0	8.74267E+0	8.67842E+0	8.69757E+0	8.53896E+0	8.74094E+0	8.79392E+0	8.77280E+0	8.73089E+0	8.89975E+0	8.80369E+0	8.88789E+0	8.94903E+0	8.99758E+0	8.93420E+0	9.18043E+0	9.14209E+0	9.21848E+0	9.02125E+0	9.19820E+0	9.33491E+0	9.43527E+0	9.43651E+0	9.65372E+0	9.71730E+0	9.87006E+0	9.96602E+0	9.41099E+0	8.74721E+0	8.27392E+0	8.12714E+0	8.02481E+0	7.96944E+0	7.91286E+0	7.97598E+0	7.96890E+0	7.90580E+0	7.78475E+0	7.59994E+0	7.18863E+0	6.80844E+0	6.30418E+0	5.68737E+0	4.93133E+0	2.76489E+0	1.41207E+0	1.14493E+0	1.03640E+0	1.06208E+0	9.61088E-1	1.00481E+0	1.06203E+0	9.12356E-1	1.02809E+0	9.34537E-1	1.11680E+0	1.00859E+0	1.12556E+0	1.03313E+0	9.30434E-1	1.11242E+0	9.17374E-1	9.70396E-1	6.73330E-1	9.23047E-1	7.75862E-1	1.01848E+0	1.07316E+0	4.98948E-1	9.30953E-1	9.42561E-1	6.74959E-1	1.27832E+0	9.15571E-1	1.05043E+0	5.31197E-1	9.53822E-1	1.13656E+0
1.01812E+1	1.00866E+1	9.89244E+0	8.69405E+0	7.89442E+0	7.79759E+0	7.98359E+0	8.95369E+0	9.05290E+0	9.12640E+0	9.36256E+0	9.22618E+0	9.31986E+0	9.20954E+0	9.07927E+0	9.15661E+0	8.83151E+0	9.29905E+0	8.76726E+0	8.93448E+0	8.95585E+0	8.88847E+0	8.81701E+0	1.67624E+1	1.91869E+1	1.64037E+1	9.01110E+0	8.73791E+0	8.74854E+0	8.58341E+0	7.02131E+0	1.06182E+1	8.90533E+0	8.89397E+0	8.84449E+0	9.07845E+0	8.89711E+0	9.05290E+0	9.12188E+0	1.14543E+0	9.75988E+0	9.41832E+0	9.38054E+0	9.50245E+0	3.88728E-1	9.52539E+0	1.06127E+1	1.04346E+1	9.91964E+0	9.34199E+0	8.73674E+0	8.41870E+0	8.08382E+0	7.97470E+0	7.80551E+0	5.62175E+0	7.86828E+0	7.90061E+0	7.87190E+0	7.54788E+0	7.39455E+0	7.07460E+0	6.65412E+0	6.15050E+0	5.53300E+0	4.67922E+0	2.43916E+0	1.33561E+0	1.08684E+0	9.26093E-1	9.85862E-1	1.04849E+0	9.20232E-1	1.01704E+0	9.97006E-1	1.00828E+0	1.01550E+0	9.81761E-1	1.11050E+0	1.13704E+0	1.06830E+0	1.17175E+0	1.18174E+0	1.27430E+0	1.18874E+0	9.89916E-1	1.14967E+0	1.20422E+0	8.83663E-1	1.07961E+0	1.18442E+0	1.23134E+0	1.07483E+0	1.31103E+0	1.27883E+0	1.08272E+0	9.52959E-1	8.82421E-1	1.04876E+0	1.07374E+0
1.02112E+1	9.85237E+0	9.86304E+0	8.53204E+0	8.04089E+0	7.95240E+0	8.12485E+0	8.77403E+0	8.96733E+0	9.37148E+0	9.58577E+0	9.30593E+0	9.26582E+0	9.29620E+0	9.26714E+0	9.05868E+0	9.10377E+0	9.06964E+0	8.92506E+0	8.88966E+0	8.88187E+0	8.91977E+0	8.93589E+0	8.85375E+0	8.88164E+0	8.87816E+0	8.72338E+0	8.74645E+0	8.77068E+0	8.96076E+0	8.83704E+0	8.71346E+0	8.84034E+0	8.69472E+0	8.88349E+0	9.03145E+0	9.03464E+0	9.11187E+0	9.16881E+0	9.26737E+0	9.33668E+0	9.30009E+0	9.59402E+0	9.57963E+0	9.56158E+0	9.65317E+0	9.75141E+0	9.90978E+0	9.97976E+0	9.39156E+0	8.87328E+0	8.41537E+0	8.14778E+0	8.18347E+0	8.06869E+0	7.99467E+0	8.08407E+0	8.09933E+0	8.05127E+0	7.83860E+0	7.66200E+0	7.22958E+0	6.90848E+0	6.28140E+0	5.71151E+0	4.76168E+0	2.39791E+0	1.47092E+0	1.15975E+0	1.16685E+0	1.07442E+0	1.25255E+0	1.12400E+0	1.09306E+0	1.10356E+0	1.23587E+0	1.12091E+0	1.21273E+0	1.04457E+0	1.09415E+0	9.98683E-1	1.20355E+0	1.28364E+0	1.08574E+0	1.13551E+0	1.23436E+0	1.25598E+0	9.62676E-1	1.13331E+0	9.45036E-1	1.09645E+0	1.13148E+0	8.95043E-1	8.91851E-1	8.53248E-1	1.07780E+0	7.59359E-1	8.12966E-1	1.03285E+0	9.04472E-1
1.00632E+1	1.00343E+1	9.39086E+0	8.53061E+0	7.82618E+0	8.03140E+0	8.45897E+0	8.78381E+0	9.30122E+0	9.34250E+0	9.42399E+0	9.34133E+0	8.98169E+0	9.51412E+0	9.32802E+0	9.12280E+0	9.17654E+0	9.23391E+0	9.09235E+0	9.06785E+0	9.17236E+0	9.02100E+0	8.88331E+0	8.91706E+0	8.92312E+0	8.95597E+0	1.10986E+1	7.96118E+0	1.17353E+1	9.40221E+0	8.94855E+0	1.78378E+1	2.74870E+0	8.95646E+0	8.93995E+0	9.01626E+0	9.06232E+0	9.06937E+0	9.14925E+0	9.33162E+0	9.20680E+0	9.35839E+0	9.45152E+0	9.55514E+0	1.30770E+1	9.14372E+0	9.85306E+0	1.12264E+1	9.74296E+0	8.99366E+0	8.10929E+0	6.56508E+0	8.19010E+0	1.04344E+1	8.12316E+0	9.93998E+0	7.34575E+0	7.41081E+0	1.03239E+1	7.91896E+0	7.17032E+0	7.13708E+0	9.76223E+0	4.50860E+0	4.77690E+0	6.25529E+0	2.32851E+0	-5.48645E+0	1.89887E+0	7.86521E+0	-3.38124E+0	1.62546E+0	2.99748E+0	8.51267E-1	5.01927E-1	1.23567E+0	-5.48391E+0	9.48535E+0	9.28915E-1	1.11349E+0	5.29449E+0	1.26328E+0	9.73211E-1	1.01181E+0	1.12142E+0	1.00084E+0	1.37999E+0	1.34127E+0	9.98103E-1	1.10463E+0	9.84043E-1	1.09048E+0	1.24027E+0	1.30062E+0	1.06797E+0	8.96689E-1	7.46496E-1	7.92631E-1	9.42616E-1	9.76171E-1
1.02689E+1	9.86940E+0	9.02354E+0	8.48492E+0	7.93884E+0	7.88539E+0	8.11674E+0	9.19339E+0	8.92030E+0	9.21223E+0	9.11387E+0	9.16811E+0	9.01584E+0	8.98215E+0	9.34714E+0	9.32805E+0	8.77603E+0	8.59812E+0	9.02166E+0	8.77773E+0	8.90812E+0	8.94145E+0	9.11614E+0	9.15311E+0	8.93751E+0	9.12731E+0	8.90849E+0	8.94039E+0	8.64896E+0	8.86359E+0	8.84146E+0	9.02022E+0	9.02722E+0	8.87999E+0	9.15999E+0	9.00589E+0	9.25217E+0	9.02332E+0	9.10304E+0	9.15965E+0	9.19244E+0	9.32127E+0	9.48367E+0	9.46355E+0	9.60339E+0	9.66027E+0	9.77313E+0	9.84894E+0	9.99572E+0	9.24232E+0	8.78882E+0	8.48723E+0	8.01942E+0	8.04773E+0	8.01946E+0	7.99885E+0	8.04564E+0	8.10255E+0	8.11109E+0	7.98755E+0	7.68664E+0	7.34718E+0	6.88371E+0	6.36159E+0	5.79933E+0	4.67213E+0	2.36330E+0	1.43145E+0	1.24166E+0	1.08408E+0	1.02382E+0	1.11060E+0	1.09147E+0	1.23984E+0	1.19040E+0	1.23243E+0	1.12598E+0	1.29023E+0	1.15731E+0	1.17873E+0	8.97226E-1	1.17694E+0	9.52708E-1	1.28676E+0	9.73118E-1	1.05922E+0	1.12040E+0	9.82915E-1	9.67036E-1	9.51309E-1	8.26517E-1	1.04507E+0	1.17286E+0	9.33811E-1	1.00792E+0	1.28749E+0	1.14228E+0	7.95361E-1	8.50847E-1	6.30192E-1
1.01293E+1	9.93316E+0	9.28088E+0	8.59129E+0	7.95394E+0	7.87736E+0	8.18180E+0	9.02722E+0	9.06621E+0	9.14045E+0	9.34649E+0	9.48873E+0	9.26817E+0	9.05392E+0	9.18468E+0	9.24804E+0	9.21045E+0	9.06138E+0	9.18932E+0	9.29942E+0	9.11778E+0	9.22992E+0	9.21323E+0	8.89011E+0	8.90356E+0	8.72650E+0	8.89827E+0	8.83220E+0	8.79565E+0	9.04600E+0	9.05459E+0	8.95343E+0	8.95439E+0	8.99159E+0	9.11443E+0	8.88747E+0	9.17505E+0	9.11701E+0	9.28070E+0	9.34963E+0	9.41977E+0	9.48568E+0	9.44868E+0	9.60086E+0	9.75099E+0	9.74594E+0	9.83665E+0	9.98627E+0	9.95231E+0	9.29402E+0	8.89490E+0	8.39845E+0	8.15732E+0	8.05385E+0	7.96581E+0	7.93582E+0	7.78223E+0	7.99328E+0	8.08918E+0	7.97737E+0	7.62961E+0	7.29998E+0	6.94471E+0	6.28047E+0	5.60794E+0	4.67441E+0	2.27867E+0	1.39002E+0	1.28352E+0	1.21030E+0	1.19000E+0	1.15895E+0	1.12784E+0	1.10645E+0	9.91205E-1	1.03498E+0	1.17998E+0	1.23796E+0	1.08527E+0	1.20842E+0	1.11146E+0	1.21772E+0	1.44195E+0	1.16560E+0	1.31096E+0	1.05611E+0	1.17940E+0	1.12155E+0	1.34685E+0	1.24305E+0	9.93025E-1	1.16656E+0	1.04762E+0	1.29997E+0	1.10031E+0	1.23035E+0	1.08203E+0	1.14909E+0	1.06090E+0	1.21195E+0
1.01115E+1	1.00509E+1	9.29246E+0	8.02359E+0	8.10058E+0	7.81702E+0	8.04184E+0	8.90908E+0	9.14088E+0	9.16971E+0	9.46782E+0	9.57562E+0	9.05318E+0	9.45433E+0	9.11572E+0	9.37322E+0	8.91126E+0	9.18921E+0	9.05606E+0	8.95524E+0	8.96551E+0	8.75529E+0	9.24377E+0	9.18177E+0	8.95827E+0	8.96094E+0	9.06362E+0	9.03457E+0	9.01458E+0	9.06820E+0	9.02787E+0	8.93314E+0	9.02029E+0	8.92769E+0	9.03429E+0	9.06392E+0	9.11608E+0	9.08198E+0	9.18405E+0	9.11419E+0	9.37490E+0	9.43076E+0	9.44738E+0	9.52946E+0	9.64922E+0	9.78696E+0	9.75304E+0	9.92485E+0	9.92811E+0	9.17941E+0	8.66254E+0	8.27811E+0	8.05676E+0	7.96987E+0	7.85369E+0	7.91201E+0	7.93204E+0	7.99334E+0	7.98580E+0	7.65110E+0	7.49998E+0	7.21186E+0	6.76463E+0	6.27291E+0	5.46909E+0	4.41322E+0	2.24764E+0	1.57858E+0	1.21800E+0	1.25535E+0	1.17941E+0	1.15926E+0	1.12254E+0	1.25711E+0	1.35572E+0	1.05182E+0	1.20628E+0	1.18510E+0	1.02161E+0	1.10753E+0	9.70934E-1	1.23406E+0	1.35277E+0	1.05846E+0	1.17968E+0	1.22637E+0	1.22762E+0	1.44248E+0	1.12686E+0	1.11148E+0	1.16797E+0	1.25109E+0	1.14970E+0	9.84292E-1	9.82133E-1	1.24501E+0	1.32453E+0	1.20557E+0	1.30345E+0	1.14202E+0
1.03424E+1	9.83237E+0	9.50324E+0	8.52847E+0	8.41400E+0	7.99605E+0	8.43230E+0	9.13906E+0	9.30873E+0	9.33913E+0	9.51707E+0	9.38728E+0	9.29267E+0	9.29478E+0	9.20388E+0	9.23611E+0	9.06912E+0	9.13644E+0	8.86542E+0	8.90916E+0	9.05284E+0	8.93946E+0	8.96759E+0	8.99229E+0	9.04578E+0	8.83189E+0	9.01599E+0	9.03596E+0	9.06854E+0	9.02397E+0	9.10672E+0	9.02703E+0	9.14116E+0	9.03777E+0	9.22866E+0	9.13675E+0	3.55931E+0	5.07294E+0	-7.05729E-1	9.29428E+0	9.48433E+0	9.50652E+0	9.54733E+0	1.30732E+1	9.74818E+0	9.29534E+0	9.90164E+0	9.99618E+0	9.97185E+0	9.27509E+0	8.75807E+0	8.39029E+0	8.17284E+0	8.04671E+0	7.66405E+0	7.40508E+0	7.63728E+0	6.46162E+0	8.14097E+0	7.99616E+0	6.48791E+0	6.16022E+0	7.91044E+0	5.73485E+0	5.72564E+0	-3.72252E+0	2.63690E+0	2.67421E+0	3.12445E+0	1.20069E+0	1.08835E+1	1.04740E+0	1.18839E+0	3.77500E+0	6.16357E+0	7.69332E-1	-1.18615E+0	1.28415E+0	8.85070E-1	1.34048E+1	7.44611E+0	1.74075E+0	7.60983E+0	1.42695E+0	4.32068E+0	7.08269E-1	-6.38324E+0	-2.30065E-1	1.15692E+0	1.59275E+0	8.89040E-1	1.29254E+0	1.39773E+0	1.24420E+0	1.31319E+0	1.30233E+0	9.13132E-1	1.22652E+0	1.36717E+0	1.43733E+0
1.02114E+1	1.00738E+1	9.42313E+0	8.25975E+0	7.77479E+0	8.10552E+0	8.66774E+0	8.99367E+0	9.20783E+0	9.44358E+0	9.59300E+0	9.61143E+0	9.42168E+0	9.28426E+0	9.39813E+0	9.35327E+0	9.07577E+0	9.22386E+0	9.33999E+0	9.21836E+0	9.21616E+0	9.15596E+0	9.01698E+0	8.95479E+0	8.66114E+0	8.93400E+0	8.95578E+0	9.08328E+0	9.08906E+0	8.95742E+0	8.96594E+0	9.03113E+0	9.05151E+0	9.19233E+0	9.03340E+0	9.17113E+0	9.12474E+0	9.20146E+0	9.25620E+0	9.33686E+0	9.30041E+0	9.45826E+0	9.51452E+0	9.47098E+0	9.71094E+0	9.88980E+0	9.87205E+0	9.93468E+0	1.00339E+1	9.21167E+0	8.69827E+0	8.27073E+0	8.15448E+0	8.10141E+0	7.98887E+0	7.90989E+0	7.91714E+0	7.87875E+0	8.00460E+0	7.92918E+0	7.67634E+0	7.32282E+0	6.81495E+0	6.27385E+0	5.61831E+0	4.27893E+0	1.97268E+0	1.40335E+0	1.20916E+0	1.00938E+0	1.12157E+0	1.03408E+0	1.09156E+0	1.00921E+0	1.18873E+0	1.07974E+0	1.28095E+0	1.30133E+0	1.26253E+0	1.22274E+0	1.31175E+0	1.23294E+0	1.30965E+0	1.21458E+0	1.35266E+0	1.29899E+0	1.46208E+0	1.62416E+0	1.34202E+0	1.33933E+0	-6.30618E+0	5.15960E+0	1.21544E+1	1.30971E+0	1.06119E+0	1.30348E+0	1.34943E+0	4.00331E-1	1.24357E+0	1.20546E+0
8.91296E+0	1.05354E+1	9.43123E+0	8.69346E+0	8.10482E+0	1.43227E+1	2.04212E+1	8.83208E+0	9.10354E+0	1.52725E+1	6.96768E+0	4.21677E+0	-2.37598E+0	9.37946E+0	6.57894E+0	1.00954E+1	-1.95732E-1	4.39774E+0	7.22873E+0	9.07641E-1	9.15121E+0	9.92812E+0	9.89902E+0	9.01652E+0	1.28320E+1	1.85393E+1	9.05025E+0	1.03878E+1	-2.75177E-2	8.22704E+0	6.74634E+0	2.68530E+0	9.06637E+0	8.26455E+0	9.14089E+0	6.91545E-1	1.14860E+1	7.00985E+0	1.08862E+1	9.37221E+0	9.31548E+0	9.38123E+0	9.55453E+0	9.53861E+0	9.69834E+0	9.83085E+0	9.87759E+0	9.91172E+0	9.92911E+0	9.11045E+0	8.60615E+0	8.25183E+0	8.03499E+0	7.94115E+0	7.91072E+0	7.82530E+0	7.82459E+0	7.73628E+0	7.84924E+0	7.84491E+0	7.65784E+0	7.22729E+0	6.62905E+0	5.98193E+0	5.50196E+0	4.07749E+0	2.05165E+0	1.40057E+0	1.23449E+0	1.20078E+0	1.33212E+0	1.27021E+0	1.35715E+0	1.20873E+0	1.31937E+0	1.22173E+0	1.23457E+0	1.35178E+0	1.13685E+0	1.29039E+0	1.33015E+0	1.15524E+0	1.32908E+0	1.30610E+0	1.22411E+0	1.34844E+0	1.42747E+0	1.43648E+0	1.34537E+0	1.55528E+0	1.49610E+0	1.04158E+0	1.28832E+0	1.14761E+0	1.19599E+0	1.20594E+0	1.07799E+0	1.29121E+0	1.24808E+0	1.03941E+0
9.86460E+0	9.69035E+0	9.60950E+0	8.79334E+0	8.05984E+0	8.22707E+0	8.56959E+0	9.42100E+0	9.41216E+0	9.04708E+0	9.48051E+0	9.23881E+0	9.26325E+0	9.02182E+0	9.16355E+0	9.27836E+0	9.29054E+0	9.20356E+0	9.30526E+0	9.13480E+0	9.21012E+0	9.20165E+0	9.25232E+0	9.16473E+0	8.96632E+0	9.10350E+0	9.00147E+0	9.19807E+0	9.02881E+0	9.07951E+0	9.07376E+0	9.21237E+0	9.15001E+0	9.28489E+0	9.34964E+0	9.18998E+0	9.15278E+0	9.27421E+0	9.44397E+0	9.39188E+0	9.43649E+0	9.55894E+0	9.50353E+0	9.56527E+0	9.68681E+0	9.75068E+0	9.74192E+0	1.00029E+1	9.90911E+0	9.12535E+0	8.70299E+0	8.24206E+0	8.12098E+0	7.93840E+0	7.79820E+0	7.87018E+0	7.91363E+0	8.04205E+0	8.03580E+0	7.97304E+0	7.64890E+0	7.27123E+0	6.67875E+0	6.12714E+0	5.43159E+0	4.23277E+0	2.08558E+0	1.44425E+0	1.38108E+0	1.26716E+0	1.32505E+0	1.33344E+0	1.33351E+0	1.40118E+0	1.33277E+0	1.28602E+0	1.25488E+0	1.21748E+0	1.25099E+0	1.43809E+0	1.37341E+0	1.19993E+0	1.44585E+0	1.27229E+0	1.59255E+0	1.37776E+0	1.34400E+0	1.33669E+0	1.29507E+0	1.34704E+0	1.42685E+0	1.43904E+0	1.40140E+0	1.30770E+0	1.26268E+0	1.27390E+0	8.01454E-1	1.17728E+0	1.28145E+0	1.84506E+0
9.26847E+0	1.01649E+1	9.31428E+0	8.46510E+0	7.81473E+0	8.29858E+0	8.73535E+0	9.37138E+0	9.27481E+0	9.53959E+0	9.69662E+0	9.53728E+0	9.47680E+0	9.29243E+0	9.25625E+0	9.37528E+0	8.96023E+0	9.16093E+0	9.15770E+0	9.12537E+0	8.90900E+0	8.98902E+0	8.91471E+0	9.05232E+0	9.00419E+0	8.85578E+0	8.92367E+0	8.94050E+0	8.92421E+0	8.83917E+0	8.96035E+0	9.02979E+0	9.04988E+0	9.17304E+0	9.08746E+0	9.19658E+0	9.22940E+0	9.10779E+0	9.21503E+0	9.26955E+0	9.37084E+0	9.39486E+0	9.47070E+0	9.66503E+0	9.62077E+0	9.71900E+0	9.80011E+0	7.21619E+0	9.54278E+0	1.11128E+1	8.63380E+0	8.29230E+0	7.23377E+0	7.70306E+0	7.74637E+0	7.88080E+0	8.04848E+0	8.81294E+0	7.86359E+0	8.03149E+0	7.69631E+0	7.25243E+0	6.77294E+0	6.33458E+0	5.53383E+0	3.99946E+0	2.01279E+0	1.71345E+0	-1.15310E+0	1.30059E+0	1.04046E+0	1.91451E+0	1.80501E+0	1.83251E+0	5.84147E+0	3.19658E+0	-3.83080E-1	1.64431E+0	-3.40578E+0	2.24764E+0	-6.43889E+0	-6.10552E+0	1.26533E+0	-2.25767E+0	1.58004E+0	1.30874E+0	1.27579E+0	1.37202E+0	1.06715E+0	1.22191E+0	1.32675E+0	1.28576E+0	-1.30999E+1	-5.86051E+0	1.45369E+0	1.26645E+0	1.46603E+0	-5.60106E+0	-1.71028E-1	1.02619E+1
9.42307E+0	1.34023E+0	9.05887E+0	8.38703E+0	8.33653E+0	8.16611E+0	8.82105E+0	9.47119E+0	8.98873E+0	9.44591E+0	9.43093E+0	9.51848E+0	9.22455E+0	9.23301E+0	9.56164E+0	9.15794E+0	9.07964E+0	9.07036E+0	9.06936E+0	9.03182E+0	8.98759E+0	9.28010E+0	9.10212E+0	9.15345E+0	9.18965E+0	8.99095E+0	9.10781E+0	8.96177E+0	9.09719E+0	8.99314E+0	9.01479E+0	9.10029E+0	9.08595E+0	9.18847E+0	9.20570E+0	9.15172E+0	9.34774E+0	9.28274E+0	9.32420E+0	9.50372E+0	9.45276E+0	9.62983E+0	9.61236E+0	9.70346E+0	9.77052E+0	9.79035E+0	9.89405E+0	9.91982E+0	9.71970E+0	9.05740E+0	8.61688E+0	8.12040E+0	8.47254E+0	7.28305E+0	8.06338E+0	7.80928E+0	7.90575E+0	7.29276E+0	7.94552E+0	7.96216E+0	7.66530E+0	7.30203E+0	6.81981E+0	6.22924E+0	5.46944E+0	3.64291E+0	1.93746E+0	1.56108E+0	1.44482E+0	1.53449E+0	1.07295E+0	1.46693E+0	-3.90768E+0	2.83000E-1	1.09057E+0	-5.75106E+0	1.33562E+0	9.15703E-1	6.45842E+0	2.15274E+0	1.10786E+0	-8.60115E-1	1.36439E+0	1.93268E+0	1.80652E+0	4.12928E+0	6.97240E-1	1.12878E+0	7.78589E+0	1.37488E+0	-4.81432E+0	1.35203E+0	-1.20256E+1	-1.31875E+0	3.34888E+0	-1.09813E+0	1.05960E+0	1.05151E+0	-1.31773E+0	1.11502E-1
2.06644E+0	9.03852E+0	7.26752E+0	8.87946E+0	7.97533E+0	7.60998E+0	9.29600E+0	9.42469E+0	9.23415E+0	9.53142E+0	9.72464E+0	9.28730E+0	9.63301E+0	9.51816E+0	9.35902E+0	9.30122E+0	9.44809E+0	9.16909E+0	9.10221E+0	9.09957E+0	9.02229E+0	9.37822E+0	9.20095E+0	9.03512E+0	8.96227E+0	9.15319E+0	9.13297E+0	8.96151E+0	9.09242E+0	9.12627E+0	9.14729E+0	9.11437E+0	9.01743E+0	9.15883E+0	9.18992E+0	9.19289E+0	9.21328E+0	9.28924E+0	9.42839E+0	9.45337E+0	9.46768E+0	9.59098E+0	9.66865E+0	9.69980E+0	9.83974E+0	9.84672E+0	9.91945E+0	1.00086E+1	9.80921E+0	9.08066E+0	8.61923E+0	8.08382E+0	7.92514E+0	7.84125E+0	7.72170E+0	7.70559E+0	8.10607E+0	8.43113E+0	8.12832E+0	7.98485E+0	7.62830E+0	7.16856E+0	6.47192E+0	5.65971E+0	5.35514E+0	3.64620E+0	1.97221E+0	1.58623E+0	2.90966E+0	2.39800E+0	1.40614E+0	1.41018E+0	1.22445E+0	1.23195E+0	1.42708E+0	-6.38059E+0	-4.25377E+0	8.39827E-1	-7.31373E-1	-1.12705E+0	1.18233E+0	-7.00327E+0	-4.27789E+0	3.16728E+0	3.43450E+0	1.50120E+0	2.40758E+0	2.80985E+0	1.49383E+0	-2.56460E+0	-3.61749E+0	1.38541E+0	1.51217E+0	1.38289E+0	1.37643E+0	-4.20702E+0	2.28635E+1	1.21493E+0	1.61640E+0	1.04708E+0
8.93954E+0	8.86931E+0	9.12843E+0	9.01672E+0	8.03994E+0	8.49930E+0	9.10448E+0	9.30224E+0	9.06352E+0	9.57260E+0	9.45196E+0	9.23041E+0	9.58890E+0	9.37417E+0	9.39022E+0	9.27961E+0	9.01896E+0	9.14386E+0	9.19348E+0	9.17581E+0	9.26232E+0	9.04943E+0	8.96737E+0	9.47025E+0	9.17814E+0	9.12731E+0	8.99602E+0	9.10137E+0	8.79721E+0	8.93743E+0	9.04922E+0	8.82484E+0	9.70575E+0	1.05393E+1	8.83306E+0	9.00994E+0	9.18263E+0	8.21578E+0	6.37699E+0	9.32396E+0	9.58832E+0	9.57582E+0	5.66302E+0	1.13343E+1	1.40157E+1	1.15096E+1	9.99166E+0	1.24300E+1	1.12372E+1	8.28031E+0	6.89816E+0	8.14685E+0	7.91829E+0	7.86803E+0	7.73577E+0	7.81664E+0	7.94614E+0	8.03435E+0	8.12776E+0	6.92472E+0	7.71469E+0	1.01175E+1	9.83626E+0	6.12013E+0	6.10266E+0	3.17897E+0	7.22568E+0	3.32114E+0	7.57782E-1	1.40346E+0	1.29129E+0	1.15057E+0	1.36327E+0	1.27227E+0	1.19910E+0	1.26186E+0	1.27130E+0	1.27484E+0	1.20207E+0	1.19156E+0	1.39967E+0	-1.33099E-1	-1.19200E+0	9.18388E+0	1.44292E+0	1.40366E+0	-8.83184E+0	-6.25494E+0	1.15827E+0	1.57296E+0	1.14070E+0	1.31883E+0	1.44730E+0	1.31569E+0	1.05678E+0	9.35264E-1	1.04183E+0	1.08072E+0	1.24559E+0	1.30027E+0
8.69108E+0	8.84003E+0	8.59679E+0	8.15746E+0	7.83824E+0	8.26790E+0	9.06535E+0	9.76560E+0	-3.04816E+0	1.25754E+1	8.59236E+0	9.14256E+0	1.40546E+1	1.63528E+1	9.31343E+0	9.27770E+0	9.31192E+0	9.27599E+0	9.26768E+0	9.07038E+0	9.20648E+0	9.13189E+0	9.12195E+0	3.50513E+0	8.24011E+0	9.14609E+0	7.17887E+0	2.73117E+0	8.93049E+0	5.86467E+0	8.93997E+0	3.64231E+0	1.28589E+0	9.09688E+0	5.03248E+0	9.20986E+0	1.50326E+1	9.21543E+0	1.02544E+1	1.30088E+1	9.29866E+0	3.87639E+0	1.00039E+1	9.51730E+0	9.51173E+0	4.44555E+0	6.62752E+0	9.86751E+0	1.20107E+1	8.69105E+0	9.92183E+0	6.66685E+0	7.89240E+0	7.79159E+0	8.26545E+0	7.76861E+0	6.92176E+0	7.38195E+0	9.39936E+0	7.89666E+0	7.61947E+0	4.34922E+0	5.10956E+0	6.07897E+0	5.22908E+0	3.32448E+0	1.86955E+0	1.63865E+0	1.46709E+0	1.42512E+0	1.34119E+0	1.39400E+0	1.18847E+0	1.31476E+0	1.40976E+0	1.48677E+0	1.33400E+0	1.23424E+0	1.34773E+0	1.59577E+0	1.46283E+0	1.59945E+0	8.78237E+0	-1.43635E+0	-7.03900E+0	1.44822E+0	1.46682E+0	9.03773E+0	3.56019E+0	1.62352E+0	1.17856E+0	1.69172E+0	3.81016E+0	8.86928E+0	-3.63071E-1	9.86163E+0	1.47822E+1	1.27745E+0	1.31039E+0	4.43845E+0
3.10014E+0	-2.06538E+0	8.81686E+0	4.67343E+0	8.80239E+0	8.64815E+0	1.69224E+1	3.02970E+0	9.48284E+0	1.54611E+1	9.53031E+0	1.24693E+1	1.01010E+1	2.09433E+0	4.56059E-1	9.23555E+0	9.37344E+0	4.30601E+0	7.21053E+0	9.19553E+0	9.09912E+0	9.13045E+0	8.99861E+0	9.03211E+0	9.13212E+0	8.85722E+0	8.87020E+0	9.04226E+0	8.91430E+0	1.32734E+1	6.53024E+0	9.81290E+0	9.00019E+0	8.84714E+0	8.10046E+0	8.99225E+0	9.17379E+0	9.11847E+0	9.36849E+0	9.36144E+0	9.39187E+0	9.53884E+0	9.53226E+0	9.74107E+0	9.79890E+0	9.69459E+0	9.86602E+0	1.00282E+1	9.62139E+0	8.89878E+0	8.40122E+0	8.00165E+0	7.88610E+0	7.74629E+0	7.68579E+0	7.77012E+0	7.96892E+0	8.11098E+0	8.13160E+0	7.96797E+0	7.52871E+0	7.12023E+0	5.30877E+0	8.75187E+0	4.98544E+0	2.96731E+0	1.91003E+0	1.64295E+0	1.51541E+0	5.61626E+0	2.80990E+0	-1.02880E+0	1.52758E+0	1.44491E+0	1.77312E+0	1.64600E+0	3.33422E+0	7.47554E+0	1.58881E+0	-9.09719E+0	2.89553E+0	2.54239E+0	-5.77457E+0	1.71526E+0	2.34127E+0	2.76451E+0	1.71700E+0	8.57572E+0	3.21959E+0	1.46708E+0	1.51693E+1	1.32425E+0	-1.28809E+1	1.56252E+0	1.71042E+0	1.25172E+0	5.53827E-1	1.93613E+1	1.45612E+0	1.02771E+0
1.77392E-1	2.20087E+1	2.00094E+0	8.42541E+0	-1.14460E+1	1.06672E+1	-8.22463E-1	-3.73070E+0	9.15152E+0	-6.56370E+0	9.30630E+0	9.22871E+0	9.58016E+0	9.44642E+0	9.49780E+0	9.46500E+0	9.38887E+0	9.29035E+0	9.05779E+0	9.34660E+0	9.20818E+0	9.10790E+0	9.16048E+0	9.27767E+0	9.19425E+0	9.04519E+0	9.01517E+0	9.03472E+0	9.08937E+0	9.08004E+0	9.10516E+0	9.08690E+0	8.96323E+0	9.18865E+0	9.11355E+0	9.31329E+0	9.38802E+0	8.32562E+0	9.48460E+0	1.02661E+1	9.54058E+0	9.29061E+0	9.57586E+0	9.61797E+0	9.77459E+0	1.21343E+1	1.17501E+1	9.91845E+0	9.47665E+0	8.14315E+0	8.35638E+0	8.08433E+0	7.93563E+0	7.79754E+0	7.68998E+0	7.79971E+0	7.92152E+0	9.61885E+0	9.43764E+0	7.18521E+0	8.57465E+0	7.47245E+0	6.82389E+0	2.72092E+0	2.43105E+0	1.91576E+0	5.62908E+0	1.52933E+0	-6.48045E+0	2.43038E+0	-2.44007E+0	-5.63372E+0	1.24054E+0	-6.80863E-1	1.38055E+0	1.34616E+0	-6.33073E+0	-2.31336E+0	1.55921E+0	-4.96509E+0	1.31103E+0	1.42756E+1	-3.70663E-1	-7.27792E+0	9.06083E+0	-8.01122E+0	1.50634E+0	1.43553E+0	-8.85015E+0	-2.27520E+0	-6.85663E+0	5.49530E-1	-1.36886E+0	1.18871E+0	1.46245E+0	1.31727E+0	1.41069E+0	1.23472E+0	1.10837E+0	9.38095E-1
7.80378E+0	8.24737E+0	7.98367E+0	8.49405E+0	8.51790E+0	9.12727E+0	9.55438E+0	9.34783E+0	9.48108E+0	9.58446E+0	9.59966E+0	9.36836E+0	9.43944E+0	9.61979E+0	9.40205E+0	-2.83975E+0	1.24930E+1	2.00636E+1	9.23819E+0	9.29451E+0	9.20527E+0	9.01895E+0	9.29261E+0	4.63876E+0	1.28231E+0	9.09268E+0	9.12801E+0	9.11309E+0	3.96400E+0	5.34723E+0	9.08991E+0	9.05491E+0	9.26760E+0	9.19943E+0	9.22864E+0	8.25230E+0	6.12467E+0	9.16020E+0	8.42642E+0	1.12432E+1	1.15047E+1	1.00936E+1	1.35325E+1	9.65310E+0	9.60572E+0	1.06468E+1	1.37232E+1	1.21086E+1	9.42194E+0	8.93441E+0	8.26325E+0	8.81476E+0	7.69645E+0	6.78775E+0	6.35772E+0	7.66966E+0	7.79622E+0	8.00788E+0	8.12105E+0	8.91273E+0	9.11367E+0	7.04406E+0	6.57010E+0	5.59496E+0	5.33847E+0	2.51201E+0	1.67597E+0	2.26474E-1	-1.85236E+0	1.29834E+0	7.39722E-1	1.02155E+0	1.42871E+0	1.31447E+0	1.34339E+0	1.35893E+0	1.28311E+0	1.42459E+0	1.42567E+0	1.44826E+0	1.19936E+0	1.26081E+0	1.48247E+0	1.34889E+0	1.42919E+0	1.42787E+0	1.21580E+0	1.40529E+0	1.37011E+0	1.50588E+0	1.26315E+0	1.30050E+0	1.33086E+0	1.64013E+0	1.24406E+0	1.22197E+0	1.25948E+0	1.15434E+0	1.14245E+0	1.04999E+0
8.07372E+0	8.27804E+0	8.51321E+0	8.19887E+0	8.70073E+0	9.23245E+0	9.77696E+0	9.63602E+0	9.40334E+0	1.00001E+1	9.80469E+0	9.77884E+0	9.52328E+0	9.41167E+0	9.45309E+0	9.19303E+0	9.40789E+0	9.10342E+0	9.14353E+0	9.35343E+0	9.23297E+0	9.13111E+0	9.16363E+0	9.25448E+0	9.17589E+0	9.09806E+0	9.16297E+0	9.06529E+0	9.09894E+0	9.15265E+0	9.10740E+0	8.98407E+0	8.97426E+0	9.03397E+0	9.12973E+0	9.22142E+0	9.09294E+0	9.03254E+0	9.06537E+0	9.23275E+0	9.42068E+0	9.52990E+0	9.49113E+0	9.53937E+0	9.55904E+0	9.61158E+0	9.78137E+0	9.82086E+0	9.28200E+0	8.50985E+0	8.16906E+0	7.79164E+0	7.67284E+0	7.55871E+0	7.35463E+0	7.59176E+0	7.81725E+0	8.05996E+0	8.11540E+0	7.93842E+0	7.56344E+0	7.22164E+0	6.61938E+0	6.09597E+0	5.14798E+0	2.66828E+0	1.69099E+0	1.60969E+0	1.57447E+0	1.47201E+0	1.48219E+0	1.40299E+0	1.51220E+0	1.44609E+0	1.45469E+0	1.48150E+0	1.42241E+0	1.26014E+0	1.39502E+0	1.53318E+0	1.37564E+0	1.36559E+0	1.44635E+0	1.36407E+0	1.25047E+0	1.45002E+0	1.41210E+0	1.33909E+0	1.49248E+0	1.28622E+0	1.31896E+0	1.59274E+0	1.26456E+0	1.07461E+0	1.07070E+0	1.38257E+0	8.60791E-1	1.34023E+0	8.94422E-1	1.34317E+0
8.13202E+0	7.93462E+0	8.40610E+0	8.38015E+0	8.98816E+0	9.19396E+0	9.87639E+0	9.49788E+0	9.57798E+0	9.50113E+0	9.26295E+0	9.22152E+0	9.73114E+0	9.31561E+0	9.16412E+0	9.44178E+0	9.21894E+0	8.96672E+0	8.89482E+0	9.33442E+0	8.92614E+0	8.88914E+0	8.70834E+0	9.17236E+0	8.98851E+0	8.83114E+0	8.91498E+0	9.17707E+0	8.93763E+0	8.68523E+0	9.11974E+0	8.90844E+0	8.97421E+0	8.97069E+0	9.22376E+0	8.88882E+0	9.07923E+0	9.12020E+0	9.34180E+0	9.38346E+0	9.42564E+0	9.38670E+0	9.50053E+0	9.57260E+0	9.64228E+0	9.59642E+0	9.71076E+0	9.79049E+0	9.07863E+0	8.57879E+0	8.16873E+0	7.80978E+0	7.56800E+0	7.60839E+0	7.54937E+0	7.59450E+0	7.77111E+0	7.98673E+0	7.85038E+0	7.63247E+0	7.27706E+0	7.00877E+0	6.48784E+0	5.84548E+0	4.92029E+0	2.67194E+0	1.61148E+0	1.45320E+0	1.56855E+0	1.51491E+0	1.60432E+0	1.36529E+0	1.41220E+0	1.44619E+0	1.49625E+0	1.46153E+0	1.43035E+0	1.64129E+0	1.46441E+0	1.61342E+0	1.38932E+0	1.33526E+0	1.33720E+0	1.58932E+0	1.09847E+0	1.20649E+0	1.14234E+0	1.18040E+0	1.58225E+0	1.05448E+0	1.53118E+0	1.43704E+0	1.15414E+0	1.21923E+0	8.76099E-1	1.08705E+0	1.61771E+0	1.53176E+0	1.10879E+0	1.15396E+0
7.92095E+0	8.01958E+0	8.45360E+0	8.76126E+0	8.76037E+0	9.48783E+0	9.10774E+0	9.34434E+0	9.48890E+0	9.61028E+0	9.58245E+0	9.74847E+0	9.20039E+0	9.60463E+0	9.32958E+0	9.09577E+0	9.28206E+0	9.04747E+0	9.08328E+0	9.19934E+0	9.17745E+0	9.05317E+0	9.08837E+0	8.91039E+0	8.97602E+0	8.88994E+0	8.85453E+0	9.00667E+0	9.03518E+0	8.95517E+0	8.87260E+0	8.79863E+0	8.93430E+0	8.90542E+0	9.02130E+0	9.09751E+0	9.13452E+0	9.14942E+0	9.18038E+0	9.29681E+0	9.38049E+0	9.38712E+0	9.57633E+0	9.59695E+0	9.66591E+0	9.69129E+0	9.80922E+0	9.92015E+0	9.24972E+0	8.70424E+0	8.11586E+0	7.80700E+0	7.52164E+0	7.50996E+0	7.49102E+0	7.54603E+0	7.79568E+0	7.98634E+0	8.05738E+0	7.91821E+0	7.58043E+0	7.15156E+0	6.61837E+0	5.90121E+0	4.87218E+0	2.61935E+0	1.78912E+0	1.63373E+0	1.55297E+0	1.58798E+0	1.68355E+0	1.50702E+0	1.59420E+0	1.50572E+0	1.58904E+0	1.45500E+0	1.54808E+0	1.34771E+0	1.53154E+0	1.69896E+0	1.56080E+0	1.36082E+0	1.55463E+0	1.58747E+0	1.59584E+0	1.60299E+0	1.73888E+0	1.58051E+0	1.66565E+0	1.60698E+0	1.38694E+0	1.56105E+0	1.33529E+0	1.48258E+0	1.62735E+0	1.54132E+0	1.40067E+0	1.24871E+0	1.16709E+0	1.37145E+0
7.97738E+0	8.16333E+0	8.65982E+0	8.71743E+0	8.98162E+0	9.53183E+0	9.92168E+0	9.70423E+0	9.47321E+0	9.81748E+0	9.53393E+0	9.63982E+0	9.67224E+0	9.59876E+0	9.44725E+0	9.23462E+0	9.15625E+0	9.15161E+0	9.10373E+0	9.20832E+0	9.30786E+0	9.10745E+0	9.04490E+0	9.04810E+0	8.97102E+0	9.04647E+0	9.02204E+0	9.03885E+0	9.10681E+0	9.15262E+0	8.90915E+0	9.06147E+0	9.03069E+0	9.12637E+0	9.12920E+0	8.99793E+0	9.15432E+0	9.33457E+0	9.35727E+0	9.39388E+0	9.45606E+0	9.60284E+0	9.52301E+0	9.60502E+0	9.64599E+0	9.78574E+0	9.82105E+0	9.89383E+0	9.24990E+0	8.61795E+0	8.18882E+0	7.86508E+0	7.69740E+0	7.54997E+0	7.28188E+0	7.49474E+0	7.71646E+0	7.94713E+0	8.01055E+0	7.83000E+0	7.55607E+0	7.04720E+0	6.15937E+0	5.85228E+0	4.74632E+0	2.60471E+0	1.67123E+0	1.62023E+0	1.62561E+0	1.50212E+0	1.47992E+0	1.50219E+0	1.56778E+0	1.64427E+0	1.60678E+0	1.40353E+0	1.77514E+0	1.68085E+0	1.59176E+0	1.60886E+0	1.71113E+0	1.59090E+0	1.69848E+0	1.40625E+0	1.78548E+0	1.43786E+0	1.48449E+0	1.49143E+0	1.43962E+0	1.51825E+0	1.41602E+0	1.77609E+0	1.48036E+0	1.19616E+0	1.29274E+0	1.46203E+0	1.39184E+0	1.31382E+0	1.19343E+0	1.52908E+0
8.04019E+0	8.40513E+0	8.25271E+0	8.03591E+0	8.91905E+0	9.31910E+0	9.89990E+0	8.90658E+0	9.29237E+0	9.62446E+0	9.63891E+0	9.53824E+0	9.52350E+0	9.56999E+0	9.47931E+0	9.32394E+0	9.19943E+0	9.51507E+0	9.26067E+0	9.11486E+0	9.09103E+0	9.09534E+0	9.16282E+0	8.98397E+0	9.03406E+0	9.07373E+0	9.02792E+0	9.04429E+0	9.09551E+0	9.09791E+0	8.94752E+0	9.04219E+0	9.07022E+0	9.03247E+0	9.04987E+0	9.06248E+0	9.04911E+0	9.30354E+0	9.21150E+0	9.32362E+0	9.23606E+0	9.47198E+0	9.47414E+0	9.54865E+0	9.62807E+0	9.74041E+0	9.80930E+0	9.92045E+0	9.11935E+0	8.47729E+0	7.93103E+0	7.77470E+0	7.61458E+0	7.48020E+0	7.42675E+0	7.51693E+0	7.79184E+0	7.97147E+0	7.91997E+0	7.75086E+0	7.44164E+0	7.09792E+0	6.53517E+0	5.86852E+0	4.57950E+0	2.48459E+0	1.74900E+0	1.52398E+0	1.62434E+0	1.44553E+0	1.60749E+0	1.53150E+0	1.54482E+0	1.47186E+0	1.49776E+0	1.56333E+0	1.56810E+0	1.44334E+0	1.67998E+0	1.38184E+0	1.53074E+0	1.62970E+0	1.36547E+0	1.45425E+0	1.71694E+0	1.52460E+0	1.63607E+0	1.48243E+0	1.88771E+0	1.30485E+0	1.21406E+0	1.16083E+0	1.43112E+0	1.32179E+0	1.59178E+0	1.57385E+0	1.40582E+0	1.45328E+0	1.18593E+0	1.20641E+0
8.07949E+0	8.32109E+0	8.87760E+0	8.93796E+0	9.31175E+0	9.51788E+0	1.00259E+1	9.31688E+0	9.68091E+0	9.68771E+0	9.78882E+0	9.72382E+0	9.77122E+0	9.53796E+0	9.09384E+0	9.30674E+0	9.30501E+0	9.13518E+0	9.24149E+0	9.19925E+0	9.40532E+0	8.98166E+0	9.15065E+0	8.98133E+0	8.94226E+0	9.05393E+0	9.16557E+0	9.13687E+0	9.12722E+0	9.02751E+0	8.87170E+0	8.81881E+0	8.89147E+0	8.95642E+0	8.96456E+0	8.99904E+0	9.16009E+0	9.33764E+0	9.24155E+0	9.35579E+0	9.41429E+0	9.49485E+0	9.66814E+0	9.64389E+0	9.66610E+0	9.73775E+0	9.90069E+0	9.86789E+0	9.01887E+0	8.43336E+0	8.01541E+0	7.70042E+0	7.52793E+0	7.38132E+0	7.35979E+0	7.54605E+0	7.80400E+0	8.00369E+0	8.08320E+0	7.85901E+0	7.51051E+0	7.12577E+0	6.63714E+0	5.71073E+0	4.53585E+0	2.39828E+0	1.77915E+0	1.72845E+0	1.56085E+0	1.59608E+0	1.68030E+0	1.61415E+0	1.62398E+0	1.73181E+0	1.50457E+0	1.94860E+0	1.61707E+0	1.64039E+0	1.56265E+0	1.58170E+0	1.65342E+0	1.56016E+0	1.54800E+0	1.60483E+0	1.53019E+0	1.76662E+0	1.68358E+0	1.58069E+0	1.72316E+0	1.64519E+0	1.71776E+0	1.38751E+0	1.63319E+0	1.48129E+0	1.40150E+0	1.80762E+0	1.44667E+0	1.37084E+0	1.53963E+0	1.23202E+0
8.21555E+0	8.16336E+0	8.73712E+0	8.83720E+0	9.43580E+0	9.71465E+0	9.97356E+0	9.41702E+0	9.86812E+0	9.80495E+0	9.58628E+0	9.26601E+0	9.50453E+0	9.27436E+0	9.36202E+0	9.29920E+0	9.49824E+0	8.90378E+0	9.25563E+0	9.28783E+0	9.21822E+0	9.21228E+0	8.98207E+0	8.89479E+0	9.18450E+0	9.31186E+0	9.29122E+0	9.37367E+0	9.31282E+0	7.52271E+0	7.99686E+0	8.77336E+0	8.88666E+0	8.93369E+0	9.29415E+0	9.19708E+0	9.22668E+0	9.26902E+0	9.17816E+0	9.20111E+0	9.42632E+0	9.47650E+0	9.58213E+0	9.56154E+0	9.58974E+0	9.89701E+0	9.80326E+0	9.79958E+0	8.96750E+0	8.37473E+0	7.98350E+0	7.71023E+0	7.51565E+0	7.42581E+0	7.35358E+0	7.52285E+0	7.75657E+0	7.93688E+0	8.00485E+0	7.85188E+0	7.45120E+0	7.06792E+0	6.47219E+0	5.76462E+0	4.32975E+0	2.22206E+0	1.69252E+0	1.54919E+0	1.57591E+0	1.44945E+0	1.43360E+0	1.53322E+0	1.38986E+0	1.61451E+0	1.39089E+0	1.56670E+0	1.44699E+0	1.43971E+0	1.44825E+0	1.45954E+0	1.49257E+0	1.47105E+0	1.41123E+0	1.36234E+0	1.80451E+0	1.93612E+0	1.66063E+0	1.47825E+0	1.42508E+0	1.34582E+0	1.41081E+0	1.13211E+0	1.32484E+0	1.36025E+0	1.30859E+0	9.53835E-1	1.69795E+0	9.94718E-1	1.54164E+0	1.46613E+0
7.79047E+0	7.81468E+0	8.37658E+0	8.72423E+0	8.71937E+0	9.13643E+0	9.73643E+0	9.38129E+0	9.62331E+0	9.52503E+0	9.65402E+0	9.20305E+0	9.08058E+0	9.41866E+0	9.31730E+0	9.44726E+0	9.32763E+0	9.13202E+0	9.18524E+0	9.00809E+0	9.24746E+0	9.15143E+0	9.03577E+0	8.94034E+0	8.96246E+0	8.92863E+0	8.94631E+0	9.10792E+0	9.10010E+0	8.98496E+0	8.67685E+0	8.77901E+0	8.79150E+0	8.98102E+0	9.05428E+0	9.18440E+0	9.35802E+0	9.13544E+0	9.23935E+0	9.28315E+0	9.41856E+0	9.45799E+0	9.39029E+0	9.60193E+0	9.63146E+0	9.69637E+0	9.71279E+0	9.81053E+0	8.93117E+0	8.27255E+0	7.76278E+0	7.54277E+0	7.29633E+0	7.12627E+0	7.24558E+0	7.39624E+0	7.78159E+0	7.94487E+0	7.94712E+0	7.74474E+0	7.42002E+0	6.79548E+0	6.35209E+0	5.52006E+0	4.10030E+0	2.18258E+0	1.81778E+0	1.67377E+0	1.65582E+0	1.63095E+0	1.64643E+0	1.61221E+0	1.61182E+0	1.57227E+0	1.75645E+0	1.57700E+0	1.60536E+0	1.65190E+0	1.74002E+0	1.61362E+0	1.37759E+0	1.40838E+0	1.63142E+0	1.79891E+0	2.00312E+0	1.67530E+0	1.76763E+0	1.60981E+0	1.79728E+0	1.20109E+0	1.40937E+0	1.36929E+0	1.30908E+0	1.48395E+0	1.27391E+0	1.13743E+0	1.28225E+0	1.24436E+0	1.13972E+0	1.44685E+0
7.42483E+0	8.05301E+0	8.38662E+0	8.66074E+0	9.04370E+0	9.25229E+0	9.98203E+0	9.29278E+0	9.93794E+0	9.70342E+0	9.68559E+0	9.49697E+0	9.62368E+0	9.64300E+0	9.32852E+0	9.41215E+0	9.21091E+0	9.20809E+0	9.11286E+0	8.98764E+0	8.95572E+0	8.82404E+0	9.06501E+0	9.09294E+0	9.07215E+0	8.95130E+0	9.18265E+0	9.32895E+0	9.18962E+0	8.94517E+0	9.29712E+0	8.94819E+0	8.88367E+0	9.12108E+0	9.07617E+0	9.21031E+0	9.07298E+0	8.98963E+0	9.37233E+0	9.32769E+0	9.38816E+0	9.33749E+0	9.50152E+0	9.54189E+0	9.66201E+0	9.79016E+0	9.67449E+0	9.76137E+0	8.99561E+0	8.29840E+0	7.86615E+0	7.59866E+0	7.46890E+0	7.29600E+0	7.38895E+0	7.49164E+0	7.78627E+0	7.91146E+0	7.98190E+0	7.81871E+0	7.47234E+0	7.01777E+0	6.40458E+0	5.59209E+0	3.96235E+0	2.33746E+0	1.83121E+0	1.69943E+0	1.59147E+0	1.51101E+0	1.71440E+0	1.68159E+0	1.60404E+0	1.60577E+0	1.61811E+0	1.51981E+0	1.75817E+0	1.50784E+0	1.69595E+0	1.90358E+0	1.77837E+0	2.07892E+0	1.77421E+0	1.73681E+0	1.50175E+0	1.66072E+0	1.66233E+0	1.58548E+0	1.59636E+0	1.44533E+0	1.32633E+0	1.51417E+0	1.60409E+0	1.53210E+0	1.35666E+0	1.46062E+0	1.28489E+0	1.19228E+0	1.48865E+0	1.09342E+0
7.43623E+0	7.73267E+0	8.07493E+0	8.15930E+0	9.02170E+0	9.05567E+0	9.30929E+0	9.09277E+0	9.50024E+0	9.59153E+0	9.49823E+0	9.55757E+0	9.51098E+0	9.51217E+0	9.47391E+0	9.24752E+0	9.02625E+0	9.01501E+0	9.21527E+0	9.23971E+0	9.09071E+0	9.10613E+0	9.18448E+0	9.16861E+0	9.13062E+0	8.91961E+0	9.14055E+0	9.22778E+0	9.20508E+0	9.05986E+0	8.91595E+0	8.98822E+0	8.95769E+0	9.04648E+0	9.07095E+0	9.01661E+0	9.21228E+0	9.10832E+0	9.22262E+0	9.26204E+0	9.28429E+0	9.44594E+0	9.48931E+0	9.59054E+0	9.51030E+0	9.72813E+0	9.84190E+0	9.75994E+0	8.91855E+0	8.21158E+0	7.76602E+0	7.59353E+0	7.35121E+0	7.21290E+0	7.25862E+0	7.45707E+0	7.67470E+0	7.91217E+0	8.00856E+0	7.80574E+0	7.31918E+0	6.88344E+0	6.41104E+0	5.68308E+0	3.88955E+0	2.24590E+0	1.69901E+0	1.54847E+0	1.48962E+0	1.51920E+0	1.52605E+0	1.77905E+0	1.64836E+0	1.59249E+0	1.68556E+0	1.71359E+0	1.75512E+0	1.64181E+0	1.71689E+0	1.73421E+0	1.71116E+0	1.53578E+0	1.69295E+0	1.78310E+0	1.54105E+0	1.64332E+0	1.76579E+0	1.81487E+0	1.72372E+0	1.57331E+0	1.70639E+0	1.64967E+0	1.35769E+0	1.32438E+0	1.63164E+0	1.49540E+0	1.28719E+0	1.22010E+0	1.25799E+0	8.46880E-1
7.54188E+0	7.65752E+0	7.78286E+0	7.99464E+0	8.87886E+0	9.12017E+0	9.32049E+0	9.25320E+0	9.56177E+0	1.00505E+1	9.70487E+0	9.44208E+0	9.50610E+0	9.33852E+0	9.73970E+0	9.64924E+0	9.27338E+0	9.22090E+0	9.14249E+0	9.41476E+0	9.04599E+0	9.03013E+0	9.44722E+0	9.03655E+0	9.03321E+0	9.02638E+0	9.27096E+0	9.27236E+0	9.05783E+0	8.94497E+0	9.09042E+0	9.00224E+0	9.10745E+0	9.07970E+0	9.23319E+0	9.28672E+0	9.16958E+0	9.36984E+0	9.28836E+0	9.37804E+0	9.39984E+0	9.55675E+0	9.53714E+0	9.65014E+0	9.76277E+0	9.70245E+0	9.78055E+0	9.81745E+0	8.93691E+0	8.29213E+0	7.76296E+0	7.52927E+0	7.34318E+0	7.20815E+0	7.20889E+0	7.48458E+0	7.76148E+0	7.93352E+0	7.75052E+0	7.71144E+0	7.19990E+0	6.77812E+0	6.28673E+0	5.32795E+0	3.40317E+0	1.70154E+0	1.60782E+0	1.55137E+0	1.34714E+0	1.45216E+0	1.50854E+0	1.64279E+0	1.39319E+0	1.43390E+0	1.46343E+0	1.41548E+0	1.51043E+0	1.59810E+0	1.65000E+0	1.48420E+0	1.42473E+0	1.64726E+0	1.38335E+0	1.69801E+0	1.85586E+0	1.62289E+0	1.43798E+0	1.75025E+0	1.94696E+0	1.63544E+0	1.60964E+0	1.51804E+0	1.60348E+0	1.43608E+0	1.35316E+0	1.53435E+0	1.37711E+0	1.49352E+0	1.52808E+0	9.55343E-1
8.43793E+0	8.16131E+0	8.60953E+0	8.62724E+0	8.50028E+0	9.24763E+0	9.27303E+0	9.06362E+0	9.69393E+0	9.65184E+0	9.59655E+0	9.39420E+0	9.49800E+0	9.35131E+0	9.27623E+0	9.57986E+0	9.33700E+0	9.05403E+0	9.11478E+0	9.09322E+0	9.17397E+0	9.15360E+0	9.44442E+0	9.03424E+0	8.95113E+0	8.97736E+0	9.14699E+0	9.13260E+0	8.97432E+0	8.95660E+0	8.92565E+0	8.93590E+0	9.16906E+0	8.85738E+0	8.88269E+0	8.94972E+0	9.16392E+0	9.15641E+0	9.06662E+0	9.15889E+0	9.14643E+0	9.38086E+0	9.22372E+0	9.40490E+0	9.42580E+0	9.40931E+0	9.52048E+0	9.50459E+0	8.58683E+0	7.95660E+0	7.40878E+0	7.28873E+0	7.02755E+0	6.99304E+0	7.06569E+0	7.30561E+0	7.50220E+0	7.84441E+0	7.78636E+0	7.56576E+0	7.23053E+0	6.82679E+0	6.18996E+0	5.50406E+0	3.47305E+0	2.03459E+0	1.80158E+0	1.71985E+0	1.68818E+0	1.63072E+0	1.70393E+0	1.72542E+0	1.56840E+0	1.60490E+0	1.54750E+0	1.49241E+0	1.72966E+0	1.80284E+0	1.80734E+0	1.70697E+0	1.84055E+0	1.79716E+0	1.71524E+0	1.77687E+0	1.65995E+0	1.93764E+0	1.86748E+0	1.99587E+0	1.50100E+0	1.53818E+0	1.51071E+0	1.69904E+0	1.49842E+0	1.41819E+0	1.72043E+0	1.73504E+0	6.63639E-1	1.25319E+0	1.36146E+0	1.64983E+0
8.78559E+0	8.79020E+0	8.63182E+0	8.10970E+0	8.25065E+0	8.66678E+0	8.81480E+0	9.30235E+0	9.45772E+0	9.65174E+0	9.64074E+0	9.66967E+0	9.58850E+0	9.44305E+0	8.92821E+0	9.01173E+0	9.03269E+0	8.94861E+0	9.05005E+0	9.09798E+0	9.28421E+0	9.09853E+0	9.18146E+0	9.24918E+0	9.08890E+0	9.14091E+0	9.05567E+0	9.09517E+0	9.17876E+0	8.97202E+0	8.95761E+0	8.90667E+0	8.91790E+0	8.98301E+0	8.98321E+0	9.17502E+0	9.30454E+0	9.24939E+0	9.24122E+0	9.31876E+0	9.29233E+0	9.43366E+0	9.58856E+0	9.57019E+0	9.59672E+0	9.59541E+0	9.74373E+0	9.60055E+0	8.63908E+0	8.08318E+0	7.59618E+0	7.41389E+0	7.14211E+0	7.06096E+0	7.12226E+0	7.37148E+0	7.63592E+0	7.83316E+0	7.88511E+0	7.69012E+0	7.37275E+0	6.98031E+0	6.31940E+0	5.35929E+0	3.20907E+0	2.03527E+0	1.68863E+0	1.64513E+0	1.68587E+0	1.57158E+0	1.81771E+0	1.77320E+0	1.48674E+0	1.64789E+0	1.63601E+0	1.55070E+0	1.42988E+0	1.68731E+0	1.98619E+0	1.78717E+0	1.63504E+0	1.96839E+0	1.93994E+0	1.92209E+0	1.89604E+0	1.75903E+0	1.93230E+0	1.60018E+0	1.59587E+0	1.65179E+0	1.34039E+0	1.69685E+0	1.55299E+0	1.58618E+0	1.24903E+0	1.31041E+0	1.46265E+0	1.34975E+0	1.51530E+0	1.19547E+0
9.14877E+0	8.95552E+0	8.84917E+0	8.37096E+0	8.37925E+0	9.29058E+0	9.15094E+0	9.24452E+0	9.69998E+0	9.61684E+0	9.42093E+0	9.46447E+0	9.43135E+0	9.33966E+0	9.27065E+0	9.12716E+0	9.21673E+0	9.20308E+0	8.88370E+0	8.96876E+0	9.24191E+0	9.17992E+0	9.30807E+0	9.35852E+0	9.22876E+0	9.18993E+0	9.28991E+0	9.07940E+0	8.72306E+0	9.03572E+0	8.95154E+0	9.01276E+0	9.01302E+0	9.06315E+0	8.97844E+0	9.09444E+0	9.05558E+0	9.10471E+0	9.20949E+0	9.13254E+0	9.22889E+0	9.34819E+0	9.33422E+0	9.51310E+0	9.45093E+0	9.54280E+0	9.61959E+0	9.56485E+0	8.58078E+0	7.97779E+0	7.41619E+0	7.32863E+0	7.10109E+0	6.99240E+0	7.13209E+0	7.36426E+0	7.51184E+0	7.89242E+0	7.84336E+0	7.59128E+0	7.27223E+0	6.80824E+0	6.25959E+0	5.34134E+0	3.11205E+0	1.92979E+0	1.89190E+0	1.75398E+0	1.86929E+0	1.69342E+0	1.65537E+0	1.92754E+0	1.93990E+0	1.79461E+0	1.78617E+0	1.75829E+0	1.95295E+0	1.77564E+0	1.61508E+0	1.59774E+0	2.00143E+0	1.75262E+0	1.83691E+0	1.70756E+0	1.63000E+0	1.71014E+0	1.68204E+0	1.51700E+0	1.77936E+0	1.72626E+0	1.40652E+0	1.64754E+0	1.28784E+0	1.70684E+0	1.65776E+0	1.40592E+0	1.46616E+0	1.83139E+0	1.58680E+0	1.59191E+0
9.58839E+0	8.89622E+0	8.79524E+0	8.46047E+0	8.51054E+0	8.93191E+0	8.92144E+0	9.35024E+0	9.60523E+0	9.61252E+0	9.55769E+0	9.30325E+0	9.37170E+0	9.26851E+0	9.56815E+0	9.84769E+0	9.28086E+0	9.43382E+0	9.03854E+0	8.97356E+0	9.17875E+0	9.06382E+0	9.13336E+0	9.34328E+0	9.06688E+0	8.82347E+0	8.92419E+0	8.90306E+0	8.59012E+0	8.87671E+0	8.73968E+0	9.00257E+0	9.24659E+0	9.03842E+0	8.94286E+0	9.13725E+0	9.08190E+0	9.09902E+0	9.18556E+0	9.12795E+0	9.13308E+0	9.31204E+0	9.31265E+0	9.33093E+0	9.42310E+0	9.48375E+0	9.55988E+0	9.34374E+0	8.33891E+0	7.77614E+0	7.37896E+0	7.19477E+0	6.92951E+0	6.88121E+0	7.03122E+0	7.26607E+0	7.52967E+0	7.71022E+0	7.58918E+0	7.36407E+0	6.98015E+0	6.64158E+0	6.07985E+0	5.20145E+0	2.63471E+0	1.81257E+0	1.77614E+0	1.75049E+0	1.54583E+0	1.67368E+0	1.72938E+0	1.65894E+0	1.71333E+0	1.62001E+0	1.66443E+0	1.84736E+0	1.57340E+0	1.63319E+0	1.50475E+0	1.49588E+0	1.46696E+0	1.85727E+0	1.69366E+0	1.57277E+0	1.66495E+0	1.74755E+0	1.94806E+0	1.71852E+0	1.50996E+0	1.61697E+0	1.62413E+0	1.21397E+0	1.53828E+0	1.36640E+0	1.51931E+0	9.49215E-1	1.44076E+0	1.18568E+0	1.11543E+0	1.05596E+0
9.23702E+0	8.88051E+0	9.12457E+0	8.35869E+0	8.07427E+0	9.02110E+0	8.97018E+0	9.07328E+0	9.68303E+0	9.74648E+0	9.41229E+0	9.41490E+0	9.41503E+0	9.59639E+0	9.43834E+0	9.21474E+0	8.99997E+0	9.14279E+0	9.09702E+0	9.11918E+0	9.34505E+0	8.98555E+0	9.20058E+0	8.88667E+0	8.99245E+0	9.21758E+0	9.02878E+0	9.24332E+0	9.15179E+0	9.18925E+0	9.19685E+0	9.06088E+0	8.97640E+0	9.13970E+0	9.27553E+0	9.11837E+0	9.15149E+0	9.31213E+0	9.34487E+0	9.31418E+0	9.26450E+0	9.25872E+0	9.39346E+0	9.46276E+0	9.46772E+0	9.65231E+0	9.54283E+0	9.38003E+0	8.42808E+0	7.79311E+0	7.32552E+0	7.22263E+0	7.01304E+0	6.80424E+0	6.93608E+0	7.25699E+0	7.55988E+0	7.66687E+0	7.77150E+0	7.48306E+0	6.90727E+0	6.50233E+0	5.88402E+0	4.99996E+0	2.61561E+0	1.86767E+0	1.68819E+0	1.49908E+0	1.62616E+0	1.49195E+0	1.58712E+0	1.46536E+0	1.64635E+0	1.81857E+0	1.46059E+0	1.72404E+0	1.70283E+0	1.90033E+0	1.68664E+0	1.79567E+0	1.69170E+0	1.90394E+0	1.61237E+0	1.74843E+0	1.68355E+0	1.52436E+0	1.59018E+0	1.55737E+0	1.44792E+0	1.62365E+0	1.57375E+0	1.68949E+0	1.79569E+0	1.50112E+0	1.15383E+0	1.36631E+0	1.53304E+0	1.62940E+0	1.58621E+0	1.38236E+0
9.73587E+0	8.90569E+0	8.75287E+0	8.36449E+0	8.34383E+0	9.31516E+0	8.64430E+0	9.21856E+0	9.44168E+0	9.51264E+0	9.52595E+0	9.57411E+0	9.54243E+0	9.24768E+0	9.30636E+0	9.39454E+0	9.28464E+0	9.23443E+0	9.24952E+0	9.22777E+0	9.01916E+0	9.23021E+0	9.31420E+0	9.17274E+0	8.94339E+0	9.03548E+0	8.85044E+0	8.95283E+0	8.92762E+0	8.82426E+0	8.82826E+0	8.76396E+0	8.93051E+0	8.98518E+0	9.11485E+0	9.12029E+0	9.11611E+0	9.21401E+0	9.20624E+0	9.24157E+0	9.14616E+0	9.42995E+0	9.43463E+0	9.53885E+0	9.51846E+0	9.66678E+0	9.43889E+0	9.11072E+0	8.25148E+0	7.66947E+0	7.28365E+0	7.16593E+0	6.90392E+0	6.83518E+0	7.00182E+0	7.31767E+0	7.58662E+0	7.64691E+0	7.70222E+0	7.47981E+0	7.19531E+0	6.74711E+0	6.03564E+0	5.02781E+0	2.74808E+0	1.81198E+0	1.69186E+0	1.61598E+0	1.48328E+0	1.57258E+0	1.56971E+0	1.52666E+0	1.64540E+0	1.65688E+0	1.63667E+0	1.70121E+0	1.69584E+0	1.56173E+0	1.66781E+0	1.69049E+0	1.84121E+0	1.82538E+0	1.68784E+0	1.93514E+0	1.80537E+0	2.06621E+0	2.02219E+0	2.21758E+0	1.97203E+0	1.83765E+0	1.54509E+0	1.64363E+0	1.49844E+0	1.51430E+0	1.29321E+0	1.63158E+0	1.19761E+0	1.26299E+0	1.15873E+0	9.88789E-1
9.44314E+0	8.64648E+0	8.49723E+0	8.20310E+0	8.08217E+0	8.70057E+0	9.05802E+0	9.10952E+0	9.34837E+0	9.56791E+0	9.50882E+0	9.38746E+0	9.40028E+0	9.27952E+0	9.24708E+0	9.44153E+0	9.47112E+0	9.06431E+0	9.06236E+0	9.06928E+0	9.04345E+0	9.11790E+0	9.07599E+0	8.91199E+0	8.99616E+0	8.81746E+0	8.86210E+0	9.04227E+0	8.73118E+0	8.54543E+0	8.96230E+0	8.80464E+0	9.03026E+0	8.92728E+0	9.00504E+0	8.93851E+0	9.16230E+0	9.14848E+0	9.21443E+0	9.26722E+0	9.31437E+0	9.28733E+0	9.35113E+0	9.43122E+0	9.50012E+0	9.61015E+0	9.60057E+0	9.16563E+0	8.22378E+0	7.76793E+0	7.35936E+0	7.13589E+0	6.91215E+0	6.79395E+0	7.00025E+0	7.26803E+0	7.59776E+0	7.76141E+0	7.71332E+0	7.47596E+0	7.06464E+0	6.53228E+0	5.88835E+0	4.85152E+0	2.71384E+0	1.89280E+0	1.65113E+0	1.56835E+0	1.58877E+0	1.62843E+0	1.51189E+0	1.62750E+0	1.67506E+0	1.58568E+0	1.57682E+0	1.75611E+0	1.84432E+0	1.69226E+0	1.71863E+0	1.69338E+0	1.77002E+0	1.83130E+0	1.59400E+0	1.61764E+0	1.50927E+0	1.61106E+0	1.79031E+0	1.77628E+0	1.49030E+0	1.52616E+0	1.67745E+0	1.48639E+0	1.59471E+0	1.77681E+0	1.24846E+0	1.06201E+0	1.04051E+0	1.67840E+0	1.25412E+0	1.37413E+0
9.60880E+0	9.13732E+0	8.64636E+0	8.25267E+0	7.94281E+0	8.81169E+0	9.07108E+0	9.59202E+0	1.00692E+1	9.60033E+0	9.91128E+0	9.37274E+0	9.61106E+0	9.69258E+0	9.28385E+0	9.54462E+0	9.39968E+0	9.02512E+0	9.24422E+0	9.05910E+0	9.08040E+0	9.14800E+0	9.46960E+0	9.27790E+0	9.24632E+0	9.18784E+0	9.12584E+0	9.09480E+0	8.97076E+0	8.96243E+0	8.96597E+0	8.91081E+0	9.03480E+0	9.03834E+0	9.21492E+0	9.19906E+0	9.20344E+0	9.28251E+0	9.37549E+0	9.34412E+0	9.36689E+0	9.24651E+0	9.48177E+0	9.49217E+0	9.65570E+0	9.60380E+0	9.73038E+0	9.21347E+0	8.38156E+0	7.78686E+0	7.44726E+0	7.19613E+0	6.98762E+0	6.96177E+0	7.01743E+0	7.23404E+0	7.51085E+0	7.69212E+0	7.68326E+0	7.47200E+0	7.13065E+0	6.30753E+0	5.72926E+0	4.70011E+0	2.51100E+0	1.82242E+0	1.73032E+0	1.68013E+0	1.73515E+0	1.65784E+0	1.59401E+0	1.67734E+0	1.66895E+0	1.89840E+0	1.78898E+0	1.72677E+0	1.82552E+0	1.97881E+0	1.77824E+0	1.90700E+0	2.03934E+0	1.69988E+0	1.89121E+0	1.76603E+0	2.01116E+0	1.91545E+0	1.56937E+0	2.04789E+0	1.83284E+0	1.68619E+0	1.62847E+0	1.67954E+0	1.59603E+0	1.64199E+0	1.67451E+0	1.44209E+0	1.35262E+0	1.41277E+0	1.33735E+0	1.34411E+0
9.48416E+0	9.02838E+0	8.75961E+0	8.17854E+0	8.56715E+0	8.96399E+0	8.77102E+0	9.20304E+0	9.59078E+0	9.63447E+0	9.58881E+0	9.72040E+0	9.50790E+0	9.78886E+0	9.22527E+0	9.38655E+0	9.14789E+0	9.13989E+0	9.15416E+0	9.23505E+0	9.19138E+0	9.14563E+0	9.14130E+0	9.20000E+0	9.33601E+0	9.20516E+0	8.99989E+0	9.08427E+0	9.07366E+0	8.94158E+0	9.07761E+0	9.12221E+0	9.10068E+0	9.10322E+0	9.24544E+0	9.09292E+0	9.15480E+0	9.19700E+0	9.28708E+0	9.33372E+0	9.38069E+0	9.30465E+0	9.31048E+0	9.47142E+0	9.49486E+0	9.59373E+0	9.60892E+0	9.22702E+0	8.44978E+0	7.80465E+0	7.41084E+0	7.19252E+0	6.98499E+0	6.82941E+0	7.06907E+0	7.32150E+0	7.55332E+0	7.66475E+0	7.68171E+0	7.35267E+0	7.12557E+0	6.72850E+0	5.83185E+0	4.46613E+0	2.44570E+0	1.67779E+0	1.67994E+0	1.74367E+0	1.75362E+0	1.78226E+0	1.70135E+0	1.70195E+0	1.92196E+0	1.65414E+0	1.87784E+0	1.88417E+0	1.83090E+0	1.85790E+0	1.71312E+0	1.72067E+0	1.64250E+0	1.53429E+0	1.89483E+0	1.82298E+0	1.54859E+0	1.57161E+0	1.63339E+0	1.88558E+0	1.84298E+0	1.64226E+0	1.84476E+0	1.86867E+0	1.67884E+0	1.78394E+0	1.47249E+0	1.27132E+0	1.18899E+0	1.12720E+0	1.72918E+0	1.19014E+0
9.38747E+0	8.93651E+0	9.21391E+0	8.64666E+0	8.41857E+0	9.29159E+0	9.06258E+0	9.31702E+0	9.51683E+0	9.64297E+0	9.63827E+0	9.76413E+0	9.49888E+0	9.63903E+0	9.46097E+0	9.05315E+0	9.37667E+0	9.39199E+0	9.47278E+0	9.62826E+0	9.25609E+0	9.34668E+0	9.02856E+0	8.92391E+0	8.95157E+0	9.06555E+0	8.89167E+0	9.31121E+0	9.03941E+0	8.86009E+0	9.13430E+0	9.20392E+0	8.95655E+0	9.09612E+0	9.16484E+0	9.24750E+0	9.20040E+0	9.20105E+0	9.31560E+0	9.44111E+0	9.28338E+0	9.28217E+0	9.35356E+0	9.38748E+0	9.65504E+0	9.65198E+0	9.77260E+0	9.05444E+0	8.23503E+0	7.70011E+0	7.30318E+0	6.86687E+0	6.71072E+0	6.66430E+0	6.77902E+0	7.17887E+0	7.41174E+0	7.49380E+0	7.39590E+0	7.21190E+0	6.77757E+0	6.21395E+0	5.62898E+0	4.48174E+0	2.56217E+0	1.78317E+0	1.63394E+0	1.78902E+0	1.62397E+0	1.70947E+0	1.82090E+0	1.75834E+0	1.56319E+0	1.55217E+0	1.98951E+0	1.88552E+0	1.99764E+0	1.83108E+0	2.00874E+0	1.76979E+0	1.80401E+0	2.10362E+0	2.20172E+0	2.12318E+0	2.11551E+0	1.79469E+0	1.82853E+0	1.94259E+0	1.64420E+0	1.74596E+0	1.98658E+0	1.86912E+0	1.29383E+0	1.53458E+0	1.60686E+0	1.85022E+0	1.63685E+0	1.36800E+0	1.34813E+0	1.62376E+0
8.88681E+0	8.65618E+0	8.51066E+0	8.25311E+0	8.54341E+0	9.06311E+0	9.37516E+0	9.45416E+0	9.81324E+0	9.43624E+0	9.90354E+0	9.77022E+0	9.54837E+0	9.07436E+0	9.38259E+0	9.30937E+0	9.33629E+0	9.36490E+0	9.22430E+0	9.22741E+0	9.30829E+0	9.16921E+0	9.06929E+0	9.00098E+0	9.27687E+0	9.29340E+0	8.91142E+0	9.11558E+0	8.89045E+0	9.11062E+0	9.19681E+0	8.94525E+0	9.27691E+0	9.04628E+0	9.18248E+0	9.29176E+0	9.39289E+0	9.27204E+0	9.20511E+0	9.30812E+0	9.41043E+0	9.45094E+0	9.55442E+0	9.51720E+0	9.66780E+0	9.71796E+0	9.71971E+0	9.08939E+0	8.28444E+0	7.66286E+0	7.23375E+0	7.08937E+0	6.78497E+0	6.76093E+0	7.00052E+0	7.06581E+0	7.29225E+0	7.31551E+0	7.27955E+0	7.02582E+0	6.74634E+0	6.31982E+0	5.48940E+0	4.13698E+0	2.25488E+0	1.66771E+0	1.49241E+0	1.70780E+0	1.69941E+0	1.83173E+0	1.86334E+0	1.82658E+0	1.83288E+0	1.99330E+0	1.65242E+0	1.83388E+0	1.81399E+0	1.79416E+0	1.98251E+0	1.53762E+0	1.92721E+0	1.97196E+0	1.82095E+0	1.86986E+0	1.47953E+0	1.79729E+0	1.54247E+0	1.60523E+0	1.30361E+0	1.63644E+0	1.67277E+0	1.85879E+0	1.73747E+0	2.08296E+0	1.94736E+0	1.46108E+0	1.74786E+0	1.69465E+0	1.59615E+0	1.47185E+0
8.93839E+0	8.98383E+0	8.43537E+0	8.13044E+0	8.80166E+0	9.10505E+0	9.10773E+0	9.29509E+0	9.82917E+0	9.58241E+0	9.36510E+0	9.73093E+0	9.41596E+0	9.48607E+0	9.44569E+0	9.60202E+0	9.32354E+0	9.49693E+0	9.35258E+0	9.04242E+0	9.13386E+0	9.05580E+0	9.34925E+0	9.28607E+0	9.07065E+0	8.99412E+0	8.94090E+0	9.00598E+0	8.90026E+0	8.85130E+0	8.81983E+0	8.92404E+0	9.00565E+0	9.11420E+0	9.09942E+0	8.99589E+0	9.19871E+0	9.14735E+0	9.20275E+0	9.21032E+0	9.27187E+0	9.39685E+0	9.49835E+0	9.60527E+0	9.62205E+0	9.64964E+0	9.58981E+0	8.89861E+0	8.11963E+0	7.68441E+0	7.32859E+0	6.92038E+0	6.76480E+0	6.73379E+0	6.85691E+0	6.81269E+0	6.82875E+0	6.95093E+0	6.82505E+0	6.62473E+0	6.34330E+0	5.99294E+0	5.29019E+0	3.82135E+0	1.83443E+0	1.56797E+0	1.41956E+0	1.31743E+0	1.42980E+0	1.49928E+0	1.64869E+0	1.70751E+0	1.54985E+0	1.65527E+0	1.71773E+0	1.58608E+0	1.82408E+0	1.59442E+0	1.61485E+0	1.49733E+0	1.85003E+0	1.50603E+0	1.79806E+0	1.90153E+0	1.59523E+0	1.57922E+0	1.61382E+0	1.65735E+0	1.68744E+0	1.86272E+0	1.85487E+0	1.82240E+0	1.83658E+0	1.88797E+0	1.81765E+0	1.57419E+0	1.46260E+0	1.59209E+0	1.34825E+0	2.06599E+0
8.42258E+0	8.49910E+0	8.25488E+0	8.20056E+0	8.64947E+0	9.06015E+0	9.19235E+0	9.30173E+0	9.65547E+0	9.61380E+0	9.71263E+0	9.60135E+0	9.77424E+0	9.44298E+0	9.15933E+0	9.22964E+0	9.40662E+0	9.13884E+0	9.26233E+0	9.56764E+0	9.38960E+0	9.13895E+0	9.12649E+0	9.00903E+0	9.05286E+0	8.98207E+0	8.88632E+0	8.95247E+0	9.10371E+0	9.13884E+0	9.11272E+0	8.99140E+0	9.10457E+0	9.00239E+0	9.05444E+0	9.04456E+0	9.36287E+0	9.17268E+0	9.14430E+0	9.08641E+0	9.33997E+0	9.32568E+0	9.25820E+0	9.50623E+0	9.51806E+0	9.51623E+0	9.59653E+0	8.82026E+0	8.08648E+0	7.54944E+0	7.23090E+0	6.91087E+0	6.72352E+0	6.66871E+0	6.56228E+0	6.54943E+0	6.55883E+0	6.52407E+0	6.52101E+0	6.43300E+0	6.24131E+0	5.87355E+0	5.17292E+0	3.52647E+0	2.03884E+0	1.52467E+0	1.55335E+0	1.48104E+0	1.59374E+0	1.67500E+0	1.56017E+0	1.62655E+0	1.46350E+0	1.62262E+0	1.77782E+0	1.76893E+0	1.83268E+0	2.00524E+0	1.86876E+0	1.90510E+0	2.05765E+0	1.62883E+0	1.91743E+0	1.86915E+0	1.77863E+0	1.91303E+0	1.89011E+0	1.78659E+0	1.80044E+0	1.83664E+0	1.70041E+0	1.77802E+0	1.55810E+0	1.69520E+0	1.73735E+0	1.35966E+0	1.25486E+0	1.52710E+0	1.61681E+0	1.69563E+0
8.74517E+0	8.74541E+0	8.65163E+0	8.49866E+0	8.18049E+0	9.04038E+0	8.90577E+0	9.53095E+0	9.42317E+0	9.68148E+0	9.68021E+0	9.59118E+0	9.49204E+0	9.45209E+0	9.52215E+0	9.52938E+0	9.50734E+0	9.53523E+0	9.71240E+0	9.38187E+0	9.31284E+0	9.77702E+0	9.44767E+0	9.26242E+0	9.09322E+0	9.23183E+0	9.01958E+0	9.10818E+0	9.08797E+0	8.96709E+0	8.83619E+0	9.11261E+0	8.94437E+0	9.01550E+0	9.02242E+0	9.14465E+0	9.14208E+0	9.00885E+0	9.24625E+0	9.30443E+0	9.08977E+0	9.31765E+0	9.35941E+0	9.28483E+0	9.53096E+0	9.60891E+0	9.50063E+0	8.71519E+0	8.07759E+0	7.53589E+0	7.06550E+0	6.89823E+0	6.66875E+0	6.62677E+0	6.44236E+0	6.31838E+0	6.33619E+0	6.28625E+0	6.32067E+0	6.44940E+0	6.12240E+0	5.67948E+0	5.27259E+0	3.62709E+0	1.79800E+0	1.69202E+0	1.53731E+0	1.57401E+0	1.65650E+0	1.76839E+0	1.68564E+0	1.65970E+0	1.85389E+0	1.94411E+0	1.88795E+0	1.82312E+0	1.86075E+0	1.85527E+0	1.84142E+0	1.89997E+0	1.69750E+0	1.74217E+0	2.01450E+0	1.91648E+0	2.01392E+0	2.06559E+0	1.95953E+0	1.86808E+0	1.72658E+0	2.04787E+0	2.05364E+0	1.61335E+0	1.58711E+0	1.43186E+0	1.49411E+0	1.65473E+0	1.42682E+0	1.20160E+0	1.73285E+0	1.40803E+0
8.31967E+0	8.90934E+0	8.58199E+0	8.39494E+0	8.67623E+0	8.78423E+0	9.07317E+0	9.42880E+0	9.49642E+0	9.77197E+0	9.34724E+0	9.86769E+0	9.45187E+0	9.68302E+0	9.19589E+0	9.04046E+0	9.17797E+0	9.40987E+0	9.67434E+0	9.16382E+0	9.39115E+0	9.02667E+0	9.00250E+0	9.20733E+0	9.19401E+0	9.14797E+0	9.16686E+0	9.12527E+0	8.95928E+0	9.09971E+0	9.42946E+0	9.15202E+0	9.00761E+0	9.08463E+0	9.33288E+0	9.17037E+0	9.19057E+0	9.23492E+0	9.21265E+0	9.45566E+0	9.27730E+0	9.43367E+0	9.51525E+0	9.52810E+0	9.48928E+0	9.51939E+0	9.60460E+0	8.80069E+0	8.00251E+0	7.53075E+0	7.21030E+0	6.83650E+0	6.76104E+0	6.70644E+0	6.36667E+0	6.19240E+0	6.28082E+0	6.26368E+0	6.23250E+0	6.16965E+0	6.08896E+0	5.74570E+0	5.16504E+0	3.21721E+0	1.81485E+0	1.55826E+0	1.65402E+0	1.80456E+0	1.67523E+0	1.77333E+0	1.75011E+0	1.80425E+0	1.68343E+0	1.75381E+0	-8.49157E-1	5.64878E-1	2.88599E+0	1.68690E+0	1.90367E+0	2.22270E+0	2.45105E+0	1.99415E+0	1.89587E+0	-1.55289E+0	-4.58561E+0	1.62858E+0	1.61305E+0	1.96004E+0	2.03276E+0	2.05372E+0	1.79008E+0	1.58168E+0	1.67239E+0	-5.95763E+0	2.59678E-2	-8.34207E+0	-1.13565E+1	1.87581E+0	8.61488E+0	1.94571E+0
3.83729E+0	6.60221E+0	1.21773E+1	1.81014E+1	8.40923E+0	9.05302E+0	1.40572E+1	9.49215E+0	1.00497E+1	9.47671E+0	9.64791E+0	9.97126E+0	9.44034E+0	9.87019E+0	5.01327E+0	-1.63102E+0	9.16846E+0	9.42732E+0	9.18690E+0	9.46137E+0	1.47815E+0	5.07325E+0	1.15826E+1	9.52504E+0	8.98876E+0	1.32179E+1	8.45825E+0	8.98776E+0	9.16410E+0	9.38734E+0	9.27641E+0	8.95166E+0	9.02028E+0	8.96321E+0	9.46318E+0	9.11685E+0	9.24568E+0	9.09934E+0	9.26485E+0	9.39453E+0	9.19972E+0	9.53459E+0	9.52809E+0	9.49770E+0	9.38183E+0	9.57632E+0	9.61182E+0	8.78439E+0	8.02401E+0	6.96083E+0	7.20852E+0	5.98472E+0	6.59853E+0	6.62784E+0	6.51862E+0	6.18154E+0	6.17376E+0	6.16047E+0	6.19619E+0	6.13440E+0	6.04864E+0	5.63210E+0	5.26662E+0	3.32443E+0	2.05097E+0	5.73847E+0	1.82151E+0	1.47329E+0	1.84245E+0	-1.26136E+0	3.43331E+0	4.20457E+0	6.38031E+0	2.14066E+0	1.58705E+0	-5.62717E+0	1.82024E+0	-4.42964E+0	-1.60374E+0	2.11893E+0	5.56439E-1	1.54702E+0	5.39108E+0	6.16421E+0	1.58826E+0	1.97484E+0	2.99515E+0	6.59051E+0	2.53132E+0	8.11726E+0	8.66972E+0	3.62823E+0	9.97399E+0	1.62315E+0	4.63012E+0	1.88372E+0	1.39324E+0	3.23360E+0	-5.10290E+0	1.59600E+0
9.43107E+0	9.49841E+0	1.22555E+1	1.87229E+1	8.76850E+0	9.05432E+0	9.15079E+0	9.38826E+0	9.61636E+0	9.93250E+0	1.00491E+1	9.55919E+0	9.68671E+0	9.03883E+0	9.45428E+0	9.60770E+0	9.46523E+0	9.26824E+0	9.07557E+0	9.15342E+0	9.36427E+0	9.04668E+0	9.05202E+0	8.97096E+0	9.07411E+0	9.18398E+0	9.13228E+0	9.08025E+0	9.17874E+0	9.06685E+0	9.05386E+0	9.42464E+0	9.35272E+0	9.18636E+0	9.08403E+0	9.20297E+0	9.18025E+0	9.05344E+0	9.25315E+0	9.19532E+0	9.21475E+0	9.21059E+0	9.38758E+0	9.42974E+0	9.49460E+0	9.39032E+0	9.54952E+0	8.66029E+0	7.93071E+0	7.34033E+0	7.05043E+0	6.45774E+0	6.45203E+0	6.50563E+0	6.27240E+0	6.09703E+0	6.13632E+0	6.21036E+0	6.15363E+0	6.21426E+0	6.01534E+0	5.76269E+0	5.19874E+0	3.18774E+0	1.96810E+0	1.67589E+0	1.52541E+0	1.55002E+0	1.72954E+0	1.72975E+0	2.01061E+0	1.97406E+0	1.77271E+0	1.99224E+0	1.90469E+0	1.98786E+0	2.07302E+0	1.88010E+0	2.06111E+0	2.37652E+0	2.28316E+0	1.92958E+0	2.12620E+0	1.83257E+0	1.88416E+0	1.77997E+0	1.79147E+0	2.09456E+0	1.95888E+0	2.03888E+0	1.74135E+0	1.60154E+0	1.47381E+0	1.86038E+0	2.37431E+0	2.00253E+0	1.48158E+0	1.73561E+0	1.80280E+0	1.44600E+0
8.12684E+0	8.43921E+0	8.38448E+0	8.52216E+0	8.97115E+0	8.99080E+0	8.94246E+0	9.38228E+0	9.84514E+0	9.70880E+0	9.42314E+0	9.84336E+0	9.50925E+0	9.64453E+0	9.65640E+0	9.60512E+0	9.51951E+0	9.40945E+0	9.36146E+0	9.37690E+0	9.31647E+0	9.71318E+0	9.23000E+0	8.93096E+0	9.23721E+0	9.14553E+0	9.30711E+0	9.17955E+0	9.03869E+0	9.10453E+0	9.20700E+0	8.86683E+0	9.25516E+0	7.93364E+0	7.33109E+0	3.68729E+0	9.30232E+0	9.29509E+0	9.29352E+0	9.37168E+0	9.21991E+0	1.12989E+1	1.37208E+1	1.00241E+1	9.67135E+0	9.09773E+0	9.51669E+0	8.65641E+0	7.71340E+0	7.43277E+0	6.96369E+0	6.83522E+0	6.62140E+0	5.03796E+0	5.42849E+0	5.34726E+0	5.11548E+0	6.12441E+0	6.49210E+0	6.60659E+0	5.49939E+0	4.99417E+0	9.62520E+0	2.87312E+0	1.71406E+0	2.18441E+0	-3.04224E+0	-2.50484E+0	1.91117E+0	3.59870E+0	1.60983E+0	1.86671E+0	2.60083E+0	-2.12959E-1	3.95564E+0	-9.68257E-1	-1.18072E+0	2.21265E+0	2.88385E+0	3.04526E+0	-3.85159E+0	1.03267E+0	5.85886E+0	1.12004E+1	2.06169E+0	1.69544E+0	1.82671E+0	1.80614E+0	1.66546E+0	1.90459E+0	1.56372E+0	1.72653E+0	1.97210E+0	2.07549E+0	2.08717E+0	1.69230E+0	1.97235E+0	1.62299E+0	1.22683E+0	1.85480E+0
8.61039E+0	9.06488E+0	8.75063E+0	8.50531E+0	8.40481E+0	1.25544E+1	9.98909E+0	1.18591E+1	1.00588E+1	9.68020E+0	9.62009E+0	9.47025E+0	9.82845E+0	1.99235E+1	1.64751E+1	1.05887E+1	1.66737E+1	9.66082E+0	9.39829E+0	9.21876E+0	9.31590E+0	9.15878E+0	9.25289E+0	9.32476E+0	9.20990E+0	8.05432E+0	1.39030E+1	1.20024E+1	9.27952E+0	6.03443E+0	9.21600E+0	4.86348E+0	8.84571E+0	1.26021E+1	1.60089E+1	9.27395E+0	1.09404E+1	8.85456E+0	8.19642E+0	1.01638E+1	9.01836E+0	1.09364E+1	9.28436E+0	1.16825E+1	1.05050E+1	1.03936E+1	6.04130E+0	8.52248E+0	1.15131E+1	7.29733E+0	8.58699E+0	7.61092E+0	5.87615E+0	5.46802E+0	6.38151E+0	8.33264E+0	6.59427E+0	4.34798E+0	4.70875E+0	6.51124E+0	5.23664E+0	5.91834E+0	5.20093E+0	2.90676E+0	1.91645E+0	1.81726E+0	1.92788E+0	1.78111E+0	1.85434E+0	1.88806E+0	1.72987E+0	1.90461E+0	1.80619E+0	2.04658E+0	1.98303E+0	1.81066E+0	1.83802E+0	2.09588E+0	2.26046E+0	1.89107E+0	1.85713E+0	1.43391E+0	2.21442E+0	2.21327E+0	1.61280E+0	-1.88407E+0	1.31567E+0	1.42405E+0	1.83074E+0	1.72853E+0	1.69291E+0	1.50007E+0	1.84786E+0	3.25652E+0	1.48830E+0	1.44930E+0	1.22189E+1	1.09924E+1	1.47508E+1	1.78402E+0
8.41560E+0	8.60361E+0	8.04945E+0	1.52684E+1	8.67727E+0	1.07481E+1	1.21675E+1	1.19466E+1	1.88290E+1	2.10784E+1	9.72379E+0	9.82152E+0	9.41665E+0	1.84019E+1	1.79600E+1	1.06976E+1	1.71626E+1	9.93636E+0	5.65996E+0	9.69277E+0	9.55634E+0	9.43640E+0	9.15691E+0	9.03456E+0	9.14584E+0	6.43698E+0	7.98405E+0	4.13872E+0	4.02000E+0	8.89514E+0	8.61794E+0	9.12514E+0	9.04934E+0	9.37023E+0	9.68095E+0	9.10381E+0	9.49826E+0	6.84988E+0	8.97739E+0	9.35558E+0	9.48981E+0	9.47093E+0	9.38002E+0	9.57579E+0	9.61245E+0	9.59837E+0	9.72421E+0	8.73353E+0	7.94432E+0	7.36391E+0	6.98268E+0	6.75245E+0	6.54436E+0	6.48510E+0	6.45181E+0	6.57026E+0	6.62080E+0	6.80405E+0	6.71759E+0	6.67955E+0	6.42596E+0	6.08374E+0	5.28161E+0	2.93648E+0	1.79028E+0	1.96348E+0	1.89796E+0	2.07848E+0	1.83756E+0	1.75922E+0	1.99444E+0	1.79612E+0	1.94511E+0	2.00901E+0	2.07564E+0	1.86792E+0	2.07456E+0	2.03186E+0	2.14231E+0	1.94352E+0	2.17638E+0	2.12894E+0	1.79599E+0	1.78970E+0	1.92752E+0	1.81095E+0	1.79866E+0	1.96703E+0	1.93477E+0	2.06830E+0	1.96004E+0	1.91873E+0	1.78893E+0	2.19572E+0	1.94817E+0	1.88560E+0	1.64577E+0	1.44767E+0	1.61139E+0	1.46752E+0
8.66955E+0	8.59743E+0	8.69535E+0	8.59403E+0	9.03963E+0	9.11454E+0	8.88363E+0	9.44421E+0	9.87234E+0	9.78339E+0	9.38533E+0	9.60822E+0	9.00466E+0	9.54850E+0	9.27544E+0	9.65228E+0	9.16675E+0	9.39430E+0	9.37597E+0	8.72525E+0	9.50881E+0	9.19386E+0	9.32750E+0	8.79088E+0	9.22711E+0	9.18362E+0	9.01530E+0	9.13475E+0	9.21325E+0	9.32186E+0	9.15975E+0	9.09414E+0	9.18885E+0	9.08659E+0	9.22819E+0	9.22945E+0	9.24455E+0	9.23995E+0	9.35338E+0	9.24517E+0	9.32615E+0	9.42919E+0	9.52862E+0	9.57542E+0	9.54487E+0	9.56447E+0	9.65851E+0	8.61998E+0	7.78694E+0	7.32689E+0	6.97003E+0	6.66492E+0	6.48658E+0	6.55629E+0	6.60483E+0	6.65768E+0	6.81565E+0	6.90691E+0	6.86879E+0	6.72991E+0	6.36525E+0	6.04333E+0	5.15414E+0	2.98893E+0	2.01435E+0	1.82480E+0	1.83791E+0	1.96730E+0	2.06110E+0	1.89849E+0	1.99060E+0	1.83069E+0	2.06235E+0	2.06448E+0	1.90838E+0	2.07651E+0	1.90165E+0	1.96213E+0	2.09652E+0	2.42080E+0	2.01267E+0	1.78755E+0	2.15137E+0	2.15608E+0	1.97817E+0	1.99750E+0	1.98408E+0	1.99387E+0	1.97248E+0	1.87890E+0	1.79188E+0	1.82813E+0	2.23249E+0	2.10952E+0	1.81030E+0	1.56897E+0	1.79316E+0	1.82525E+0	1.86334E+0	1.59899E+0
8.65399E+0	8.68928E+0	8.87878E+0	8.38291E+0	8.76423E+0	8.94554E+0	9.22699E+0	9.40832E+0	9.85712E+0	9.78839E+0	9.64595E+0	9.71573E+0	9.46631E+0	9.64192E+0	9.44303E+0	9.49051E+0	9.57085E+0	9.59064E+0	9.45131E+0	9.50858E+0	9.45433E+0	9.48567E+0	9.45022E+0	9.35182E+0	9.39282E+0	9.46374E+0	9.12821E+0	9.22252E+0	9.12007E+0	9.26584E+0	9.11126E+0	9.20941E+0	9.23407E+0	9.24075E+0	9.24652E+0	9.29488E+0	9.23795E+0	9.35729E+0	9.14610E+0	9.36022E+0	9.35752E+0	9.34887E+0	9.38143E+0	9.36908E+0	9.40032E+0	9.56360E+0	9.58039E+0	8.50525E+0	7.63684E+0	7.22805E+0	6.84499E+0	6.55763E+0	6.49526E+0	6.45488E+0	6.55338E+0	6.62037E+0	6.92219E+0	6.90951E+0	6.98314E+0	6.86133E+0	6.58071E+0	6.04062E+0	5.24802E+0	2.92961E+0	1.92400E+0	1.81295E+0	1.83012E+0	1.67312E+0	1.91548E+0	1.90079E+0	2.02940E+0	1.85394E+0	1.78096E+0	1.94113E+0	1.93381E+0	1.97398E+0	2.14365E+0	2.19673E+0	2.02294E+0	2.05574E+0	1.82697E+0	1.91320E+0	1.93093E+0	2.03965E+0	1.84344E+0	1.89599E+0	2.22271E+0	2.14207E+0	1.98681E+0	1.79511E+0	1.71598E+0	1.96707E+0	1.99744E+0	1.61946E+0	1.55637E+0	1.60372E+0	1.65297E+0	1.78960E+0	1.63359E+0	1.85810E+0
8.50813E+0	8.94303E+0	8.55602E+0	8.44797E+0	8.55024E+0	8.94473E+0	9.13642E+0	9.52802E+0	9.98125E+0	9.77312E+0	9.86777E+0	9.67368E+0	9.64342E+0	9.54819E+0	9.30002E+0	9.24384E+0	9.24501E+0	9.36879E+0	9.41877E+0	9.44602E+0	9.45668E+0	9.33258E+0	9.36162E+0	9.34467E+0	9.14908E+0	9.11026E+0	9.10109E+0	9.19018E+0	9.33174E+0	9.17249E+0	9.27542E+0	9.08995E+0	9.22282E+0	9.27919E+0	9.33767E+0	9.25300E+0	9.35014E+0	9.42443E+0	9.34282E+0	9.32860E+0	9.41743E+0	9.47897E+0	9.38961E+0	9.44996E+0	9.58623E+0	9.53178E+0	9.66103E+0	1.07651E+1	7.90065E+0	9.27259E+0	6.86932E+0	6.63497E+0	6.52321E+0	6.60311E+0	5.90488E+0	6.54973E+0	7.13222E+0	7.25787E+0	7.21403E+0	6.77337E+0	5.20126E+0	6.66071E+0	5.25835E+0	2.68250E+0	1.84515E+0	1.78502E+0	1.59584E+0	1.72211E+0	1.70838E+0	1.93813E+0	1.88375E+0	5.38181E+0	3.78021E+0	1.96545E+0	1.46203E+0	2.06294E+0	3.04076E-1	2.34883E+0	2.01742E+0	1.93013E+0	2.12374E+0	1.20739E+0	-5.81263E+0	1.82109E+0	2.30636E+0	2.06021E+0	2.00109E+0	1.87981E+0	2.04021E+0	4.01643E+0	2.58673E+0	1.72829E+0	-5.85893E+0	-1.12330E+1	1.85227E+0	1.72739E+0	1.71441E+0	1.71437E+0	1.86901E+0	1.78233E+0
8.35679E+0	8.93087E+0	8.63476E+0	8.43125E+0	8.65856E+0	9.17059E+0	9.16838E+0	9.67288E+0	9.99130E+0	9.85648E+0	9.82196E+0	9.74691E+0	9.76480E+0	9.72289E+0	9.23640E+0	9.13191E+0	9.10217E+0	9.33563E+0	9.47184E+0	9.56876E+0	9.54417E+0	9.28417E+0	9.32407E+0	9.17212E+0	9.26755E+0	8.91829E+0	9.20390E+0	9.24123E+0	9.18578E+0	9.26662E+0	9.23332E+0	8.98943E+0	9.11899E+0	9.19205E+0	9.19332E+0	9.25705E+0	9.16601E+0	9.14753E+0	9.38451E+0	9.47982E+0	9.39495E+0	9.42588E+0	9.38791E+0	9.55570E+0	9.56489E+0	9.66981E+0	9.69695E+0	8.51277E+0	7.78157E+0	7.12645E+0	6.88726E+0	6.55879E+0	6.40924E+0	6.56333E+0	6.59893E+0	6.76874E+0	6.96787E+0	7.12603E+0	7.35547E+0	7.15170E+0	6.69959E+0	6.11959E+0	5.17636E+0	2.84768E+0	1.92951E+0	1.90765E+0	1.81715E+0	1.78944E+0	1.83806E+0	2.11917E+0	2.01803E+0	1.85335E+0	2.06552E+0	1.88211E+0	2.08411E+0	2.23077E+0	1.99861E+0	1.98883E+0	2.19597E+0	2.13655E+0	2.27017E+0	2.01437E+0	1.90431E+0	2.18012E+0	2.07333E+0	2.37594E+0	1.99954E+0	1.74482E+0	2.10616E+0	2.38040E+0	2.10657E+0	1.87239E+0	1.72417E+0	1.97084E+0	1.78235E+0	2.17193E+0	1.86994E+0	1.62272E+0	1.84106E+0	1.59358E+0
8.54861E+0	8.91410E+0	8.99843E+0	7.98233E+0	8.58835E+0	8.83013E+0	9.18308E+0	9.46607E+0	9.74299E+0	9.86170E+0	9.76988E+0	9.35544E+0	9.73004E+0	9.29538E+0	9.58622E+0	9.34539E+0	8.86626E+0	9.09734E+0	9.27761E+0	9.43348E+0	9.32996E+0	9.65804E+0	9.18800E+0	9.49142E+0	9.36398E+0	9.29218E+0	9.00642E+0	9.21890E+0	9.13873E+0	9.27424E+0	9.42072E+0	9.27815E+0	9.16316E+0	9.31973E+0	9.28909E+0	9.13019E+0	9.28674E+0	9.38156E+0	9.19992E+0	9.34167E+0	9.40747E+0	9.44903E+0	9.52040E+0	9.46611E+0	9.41677E+0	9.54609E+0	9.60497E+0	8.60151E+0	7.72382E+0	7.14045E+0	6.89678E+0	6.56221E+0	6.39221E+0	6.48349E+0	6.72724E+0	6.93463E+0	8.49361E+0	7.54405E+0	8.40543E+0	7.20048E+0	6.80590E+0	7.99415E+0	5.43966E+0	2.92468E+0	2.01731E+0	1.80227E+0	2.05699E+0	2.08652E+0	1.90138E+0	1.89010E+0	1.98340E+0	2.03730E+0	2.11770E+0	2.16759E+0	9.15208E+0	2.64041E+0	3.15812E+0	4.59017E-1	2.18978E+0	1.06747E+0	3.82139E+0	8.47211E+0	-5.81590E+0	-4.64633E+0	2.00610E+0	2.16663E+0	6.01065E+0	-1.13683E+1	3.53534E-1	-2.93691E+0	4.45529E-1	1.75791E+0	1.80690E+0	-1.49135E+1	1.87671E+0	-4.71777E+0	2.27485E+0	-6.73193E+0	1.48282E+0	7.90144E-1
1.28431E+1	1.62954E+1	8.80914E+0	8.25441E+0	8.86857E+0	6.11871E+0	-1.68488E+0	4.98971E+0	9.57409E+0	9.72690E+0	9.41816E+0	1.02866E+1	1.00757E+1	9.92396E+0	9.64837E+0	9.55547E+0	9.52022E+0	9.72552E+0	9.58680E+0	9.77453E+0	9.49314E+0	9.29423E+0	9.47132E+0	9.39702E+0	9.29647E+0	9.07636E+0	9.14266E+0	9.00476E+0	9.13106E+0	9.21129E+0	9.08525E+0	9.14454E+0	9.03960E+0	9.20124E+0	9.29897E+0	8.95789E+0	9.20792E+0	9.34164E+0	9.42086E+0	9.33236E+0	9.39571E+0	9.45509E+0	9.47634E+0	9.45878E+0	9.50940E+0	9.61120E+0	9.58995E+0	8.63005E+0	7.56953E+0	7.17332E+0	6.95054E+0	6.51175E+0	6.32287E+0	6.01162E+0	5.98938E+0	6.83524E+0	7.22264E+0	7.47939E+0	8.20436E+0	7.22429E+0	6.84746E+0	6.25490E+0	5.27616E+0	2.71236E+0	2.21148E+0	1.91513E+0	2.84961E+0	5.56904E-1	2.07321E+0	2.06278E+0	1.37847E+0	2.30757E+0	2.42881E+0	3.75038E+0	-3.36861E+0	6.44309E+0	2.42153E+0	3.81089E+0	2.12291E+0	-4.53223E+0	-1.62508E+0	6.54899E+0	4.33713E+0	2.37886E+0	3.55764E+0	6.65103E-1	2.16406E+0	-1.43938E+0	-6.68593E+0	6.05024E-2	2.23511E+0	6.92314E+0	3.99126E+0	4.99904E+0	-1.02140E+1	1.86194E+0	-1.02219E+0	1.02636E+0	1.73480E+0	-3.97601E+0
2.08059E+1	1.03066E+1	8.85814E+0	8.44590E+0	9.51557E+0	2.29977E+1	9.14338E+0	1.00585E+1	9.61678E+0	9.95653E+0	9.68203E+0	9.32853E+0	9.27404E+0	9.31481E+0	9.86917E+0	9.66500E+0	9.34611E+0	9.22640E+0	9.24914E+0	9.09818E+0	9.35599E+0	9.50072E+0	9.15993E+0	9.28070E+0	9.30385E+0	9.21444E+0	9.16812E+0	9.32390E+0	4.15215E+0	8.55934E+0	6.35532E+0	9.17367E+0	9.35001E+0	9.25810E+0	9.17953E+0	8.52736E+0	9.59815E+0	9.21168E+0	9.33574E+0	9.30112E+0	9.40010E+0	1.35189E+1	1.11088E+1	9.32172E+0	9.52952E+0	8.62207E+0	9.51096E+0	8.51925E+0	6.17502E+0	6.47913E+0	7.04271E+0	5.80402E+0	6.18303E+0	6.18324E+0	6.55141E+0	6.96277E+0	7.32022E+0	7.58157E+0	7.65688E+0	6.86352E+0	6.71770E+0	6.38728E+0	5.25558E+0	2.83006E+0	2.24913E+0	2.12399E+0	2.06992E+0	2.14299E+0	2.10602E+0	2.08694E+0	2.20520E+0	2.13226E+0	1.92243E+0	2.06165E+0	2.25906E+0	2.35582E+0	2.35293E+0	1.95646E+0	2.15207E+0	2.14529E+0	2.27606E+0	2.26379E+0	2.22494E+0	1.98200E+0	2.12199E+0	1.53142E+0	1.91373E+0	1.76382E+0	1.90349E+0	1.94721E+0	2.27681E+0	2.07870E+0	1.46740E+0	1.95519E+0	1.73949E+0	2.02306E+0	1.77628E+0	1.92320E+0	1.64794E+0	2.15808E+0
8.66098E+0	8.45018E+0	8.81853E+0	8.59994E+0	8.88872E+0	9.02914E+0	9.12341E+0	9.63420E+0	1.00184E+1	9.95738E+0	9.79358E+0	9.93400E+0	9.65664E+0	9.71994E+0	9.54254E+0	9.81966E+0	9.43476E+0	9.47971E+0	9.48663E+0	9.36408E+0	9.42181E+0	9.43518E+0	9.45849E+0	9.49666E+0	9.07532E+0	9.16565E+0	9.25878E+0	8.96409E+0	9.06341E+0	9.37707E+0	9.10151E+0	9.11957E+0	9.17369E+0	9.17521E+0	9.32657E+0	9.18343E+0	9.06050E+0	9.32231E+0	9.36207E+0	9.44817E+0	9.33446E+0	9.48260E+0	9.41897E+0	9.42665E+0	9.52164E+0	9.59365E+0	9.64205E+0	8.38676E+0	7.67982E+0	7.11247E+0	6.87648E+0	6.52724E+0	6.23793E+0	6.18720E+0	6.36290E+0	6.84565E+0	7.25795E+0	7.51142E+0	7.60649E+0	7.36183E+0	6.79192E+0	6.18898E+0	5.14770E+0	3.06221E+0	2.96448E+0	2.65449E+0	2.04969E+0	2.13231E+0	2.16098E+0	2.01439E+0	2.14920E+0	2.26647E+0	6.13942E+0	-1.48196E+1	4.81716E+0	2.07777E+0	2.13368E+0	2.20171E+0	5.64004E+0	1.85917E+0	2.12452E+0	2.03166E+0	-2.34027E+0	-7.66501E+0	1.97147E+0	3.22977E+0	2.56149E+0	6.14534E+0	-1.27785E-1	6.90041E+0	1.49605E+1	2.18355E+0	5.36878E+0	3.35512E+0	-2.21013E+1	4.02289E+0	-2.13561E+0	-1.58742E+1	1.79233E+0	1.59540E+0
2.10921E+1	1.86681E+1	8.41165E+0	8.37957E+0	9.56218E-1	8.25676E+0	6.98881E+0	5.70832E+0	1.61425E+1	1.74534E+1	9.76715E+0	1.50101E+1	9.15316E+0	2.23869E+1	1.59909E+1	9.40932E+0	9.43254E+0	9.54536E+0	9.53922E+0	9.24575E+0	9.45351E+0	9.50268E+0	9.52739E+0	9.45073E+0	9.45469E+0	9.28220E+0	9.29809E+0	9.29917E+0	9.39073E+0	9.23157E+0	9.11949E+0	9.29160E+0	9.24698E+0	9.35710E+0	9.29354E+0	9.25122E+0	9.29506E+0	9.30048E+0	2.85814E+0	8.86608E+0	6.86691E+0	9.35684E+0	9.62150E+0	9.61599E+0	9.67836E+0	9.74748E+0	7.55107E+0	1.07794E+1	7.73926E+0	7.25860E+0	6.92891E+0	6.55147E+0	6.34308E+0	6.66118E+0	9.27296E+0	7.00128E+0	7.44141E+0	7.64913E+0	9.30221E+0	7.58900E+0	7.08177E+0	1.01385E+1	1.81835E+0	4.73330E+0	-1.29369E+0	-2.49875E+0	2.13767E+0	2.17856E+0	5.77472E-2	-2.64542E+0	-1.84039E+0	1.21622E+0	-7.46734E+0	2.12189E+0	-1.19331E+1	3.36854E+0	2.01000E+0	3.84116E+0	-1.02676E+0	2.33072E+0	-5.16623E+0	2.26698E+0	4.23730E+0	-7.57800E+0	-9.16611E+0	2.09305E+0	1.78761E+0	1.50477E+0	1.11004E+0	2.76146E+0	-2.31345E-1	-2.36797E+0	2.04574E+0	1.75392E+0	2.06790E+0	2.11896E+0	1.86442E+0	1.61856E+0	1.81760E+0	2.03459E+0
8.81369E+0	9.00985E+0	8.74803E+0	8.52593E+0	8.86289E+0	9.18368E+0	9.36303E+0	9.52314E+0	9.90261E+0	1.00053E+1	9.50605E+0	9.98093E+0	9.88041E+0	9.69054E+0	9.74003E+0	9.55257E+0	9.43755E+0	9.54629E+0	9.50942E+0	9.26755E+0	9.30653E+0	9.27221E+0	9.15402E+0	9.40763E+0	9.14071E+0	9.28844E+0	9.11129E+0	9.06473E+0	9.31368E+0	9.17953E+0	9.09864E+0	9.16529E+0	9.35341E+0	9.33508E+0	9.21039E+0	9.22540E+0	9.34832E+0	9.31942E+0	9.35926E+0	9.44032E+0	9.35800E+0	9.54188E+0	9.52753E+0	9.65048E+0	9.61071E+0	9.55366E+0	9.65640E+0	8.54246E+0	7.59977E+0	7.14679E+0	6.81723E+0	6.46349E+0	6.30997E+0	6.46257E+0	6.67399E+0	6.93536E+0	7.28360E+0	7.52546E+0	7.54184E+0	7.34624E+0	6.91462E+0	6.27216E+0	5.02561E+0	2.80541E+0	2.13981E+0	2.12342E+0	2.08400E+0	2.19148E+0	1.97623E+0	1.96509E+0	2.13418E+0	2.19036E+0	2.17906E+0	2.11926E+0	2.21674E+0	2.11701E+0	1.93952E+0	2.26455E+0	2.11061E+0	2.10657E+0	2.10529E+0	2.19038E+0	2.19391E+0	2.12737E+0	2.10311E+0	2.28545E+0	1.88624E+0	2.18635E+0	2.05720E+0	1.63945E+0	2.40924E+0	2.02591E+0	1.80107E+0	2.06314E+0	2.05898E+0	1.72571E+0	1.84442E+0	2.07538E+0	1.91996E+0	2.37031E+0
8.91833E+0	8.90648E+0	8.69952E+0	8.70913E+0	8.94555E+0	8.92801E+0	9.38948E+0	9.71742E+0	1.00634E+1	9.60809E+0	9.78846E+0	9.74495E+0	9.63379E+0	9.57553E+0	9.62097E+0	9.40396E+0	9.60635E+0	9.51678E+0	9.43528E+0	9.40453E+0	9.38477E+0	9.25118E+0	9.58293E+0	9.27174E+0	9.24427E+0	9.29355E+0	9.28421E+0	9.09951E+0	9.30642E+0	9.13540E+0	9.21426E+0	9.45142E+0	9.39915E+0	9.22285E+0	9.31908E+0	9.35007E+0	9.22582E+0	9.17670E+0	9.11890E+0	9.51662E+0	9.38176E+0	9.64464E+0	9.51392E+0	9.53749E+0	9.61337E+0	9.71075E+0	9.72363E+0	8.41367E+0	7.50225E+0	7.06520E+0	6.69056E+0	6.32254E+0	6.21281E+0	6.30200E+0	6.51642E+0	7.03540E+0	7.35275E+0	7.56349E+0	7.60041E+0	7.36203E+0	6.88543E+0	6.42378E+0	4.95716E+0	2.67604E+0	-1.19416E+0	1.45323E+0	-2.86859E+0	2.08852E+0	2.12805E+0	2.21817E+0	2.26293E+0	2.35087E+0	7.95512E+0	1.02914E+1	2.29182E+0	2.46742E+0	2.37863E+0	2.29525E+0	2.34639E+0	2.29882E+0	2.91466E+0	4.57250E+0	2.47417E+0	-6.17286E+0	1.28263E+0	6.05687E+0	3.17043E+0	2.38484E+0	1.18868E+1	2.42381E+0	1.07845E+1	4.53328E+0	1.40282E+0	3.24318E+0	2.02342E+0	3.18472E+0	1.40011E+0	-1.13831E+0	2.53291E+0	1.36197E+1
4.49963E-1	8.79197E+0	-2.07612E+0	8.56358E+0	1.84492E+1	1.38030E+1	9.23458E+0	1.26685E+1	9.72725E+0	1.54127E+1	1.19346E+1	2.79139E+0	8.20061E-2	9.76244E+0	9.78076E+0	9.80273E+0	1.76627E+1	1.48248E+1	9.57804E+0	9.73833E+0	9.36921E+0	9.53060E+0	9.62639E+0	9.55278E+0	9.54801E+0	9.15150E+0	9.52230E+0	9.18932E+0	9.26041E+0	9.35043E+0	9.18479E+0	9.36016E+0	9.38148E+0	9.46936E+0	9.52333E+0	9.30732E+0	9.46122E+0	9.56580E+0	9.41075E+0	9.42184E+0	9.57453E+0	9.54102E+0	9.60124E+0	9.63145E+0	9.65560E+0	9.69947E+0	9.64558E+0	8.57036E+0	7.61317E+0	7.11138E+0	6.73748E+0	6.18399E+0	6.17277E+0	6.27761E+0	6.59331E+0	6.96646E+0	7.43365E+0	7.65641E+0	7.78565E+0	7.43657E+0	7.10981E+0	6.45394E+0	5.08554E+0	2.48497E+0	2.37692E+0	2.25890E+0	2.17341E+0	2.13981E+0	2.12106E+0	2.22950E+0	2.18145E+0	2.40142E+0	2.12783E+0	2.29228E+0	2.25442E+0	2.50377E+0	2.17115E+0	2.14107E+0	2.40280E+0	2.41819E+0	2.56158E+0	2.26877E+0	2.23931E+0	2.10886E+0	2.24579E+0	2.12511E+0	1.88968E+0	2.19995E+0	2.03427E+0	1.96033E+0	2.14066E+0	1.92906E+0	1.68329E+0	1.98850E+0	1.71886E+0	1.79710E+0	1.76756E+0	2.01721E+0	1.84498E+0	1.53245E+0
8.62551E+0	8.94722E+0	8.84621E+0	8.47189E+0	9.16600E+0	8.63010E+0	8.98229E+0	9.66492E+0	9.91884E+0	1.00401E+1	9.94008E+0	9.79375E+0	9.59075E+0	9.89368E+0	9.78586E+0	9.74338E+0	9.47864E+0	9.49629E+0	9.64182E+0	9.64034E+0	9.44753E+0	9.78358E+0	9.55410E+0	9.52120E+0	9.29721E+0	9.47546E+0	9.56094E+0	9.30335E+0	9.16154E+0	9.28179E+0	9.20431E+0	9.39742E+0	9.37604E+0	9.51697E+0	9.30376E+0	9.59862E+0	9.45476E+0	9.52231E+0	9.54987E+0	9.72021E+0	9.60867E+0	9.61786E+0	9.69175E+0	9.75249E+0	9.54109E+0	9.59248E+0	9.65691E+0	8.56860E+0	7.70502E+0	7.11722E+0	6.76801E+0	6.45634E+0	6.29479E+0	6.46204E+0	6.78620E+0	7.13053E+0	7.58842E+0	7.69649E+0	7.70776E+0	7.39150E+0	7.05571E+0	6.40784E+0	4.95305E+0	2.78732E+0	2.51698E+0	2.14954E+0	2.10228E+0	2.10825E+0	2.10094E+0	8.70209E+0	7.11222E-1	8.42997E-1	2.20092E+0	2.32798E+0	-1.56766E+0	3.86529E-1	2.24717E+0	2.50532E+0	2.42369E+0	2.07463E+0	2.20830E+0	2.43023E+0	2.46806E+0	2.31914E+0	2.07211E+0	2.22348E+0	2.08576E+0	-3.28574E+0	2.67518E+0	1.01156E+1	7.81973E+0	-1.77819E+0	-4.53313E+0	-2.50825E+0	1.91495E+0	1.82911E+0	1.32902E+1	2.03972E+1	1.44975E+1	2.09564E+0
9.78003E+0	1.76498E+0	-6.00554E+0	-6.82860E+0	8.46302E+0	9.28084E+0	9.69312E+0	1.57307E+1	1.27451E+1	9.80854E+0	5.92928E+0	1.11941E+0	9.37942E+0	9.52147E+0	1.00028E+1	1.36286E+1	1.42719E+1	8.90043E+0	9.31045E+0	9.64371E+0	1.70755E+1	1.35924E+1	9.58036E+0	9.72794E+0	9.68969E+0	9.67974E+0	9.49304E+0	9.50385E+0	9.51343E+0	9.72370E+0	9.40891E+0	9.38825E+0	9.40290E+0	9.51075E+0	9.56718E+0	9.45047E+0	9.52006E+0	9.56596E+0	9.51609E+0	9.44310E+0	9.62542E+0	9.45839E+0	9.57076E+0	9.56782E+0	9.48934E+0	9.44828E+0	9.60156E+0	8.39295E+0	7.64788E+0	7.00580E+0	6.55910E+0	6.29537E+0	6.30206E+0	6.52327E+0	6.79001E+0	7.28839E+0	7.59874E+0	7.85372E+0	7.77995E+0	7.72790E+0	7.24775E+0	6.50143E+0	5.01990E+0	2.28455E+0	2.41799E+0	2.38409E+0	2.30274E+0	2.37965E+0	2.46685E+0	2.24757E+0	2.42460E+0	2.38162E+0	2.19302E+0	2.25963E+0	2.39676E+0	2.49247E+0	2.41908E+0	2.64282E+0	2.40251E+0	2.44096E+0	2.22663E+0	2.46020E+0	2.24946E+0	2.18589E+0	2.25757E+0	2.23144E+0	2.28829E+0	2.28027E+0	2.36756E+0	1.83909E+0	2.09703E+0	2.05882E+0	2.16294E+0	2.09833E+0	1.95624E+0	2.33488E+0	2.01122E+0	1.66397E+0	1.81384E+0	1.77414E+0
8.84250E+0	8.82269E+0	8.70976E+0	8.55425E+0	9.33423E+0	9.14291E+0	9.17124E+0	9.82977E+0	1.00373E+1	9.66729E+0	9.89710E+0	9.97807E+0	1.00132E+1	9.73224E+0	9.83796E+0	9.60478E+0	9.41613E+0	9.38477E+0	9.31773E+0	9.59147E+0	9.46671E+0	9.62964E+0	9.55273E+0	9.52346E+0	9.30204E+0	9.41104E+0	9.36902E+0	9.36851E+0	9.38312E+0	9.38267E+0	9.51726E+0	9.56494E+0	9.54748E+0	9.42989E+0	9.65225E+0	9.66969E+0	9.60741E+0	9.67972E+0	9.64387E+0	9.76481E+0	9.74924E+0	9.77687E+0	9.71176E+0	9.80773E+0	9.61197E+0	9.82491E+0	9.64802E+0	8.38545E+0	7.38737E+0	6.97756E+0	6.49411E+0	6.25743E+0	6.14758E+0	6.32804E+0	6.57683E+0	7.07487E+0	7.58814E+0	7.81910E+0	7.63091E+0	7.61901E+0	7.11618E+0	6.28047E+0	4.69214E+0	2.96935E+0	2.44028E+0	2.38320E+0	2.33558E+0	2.45397E+0	2.33291E+0	2.32925E+0	2.36232E+0	2.30664E+0	2.21193E+0	2.17357E+0	2.26714E+0	2.37751E+0	2.34111E+0	2.35181E+0	2.30851E+0	2.20738E+0	2.21324E+0	2.16108E+0	2.17664E+0	1.99458E+0	2.16746E+0	2.09475E+0	1.85486E+0	1.83867E+0	1.70490E+0	1.82884E+0	1.88586E+0	1.89663E+0	2.04097E+0	2.05809E+0	1.87199E+0	2.36103E+0	1.91689E+0	1.97296E+0	1.60037E+0	1.77609E+0
8.80228E+0	9.20972E+0	8.70403E+0	8.54684E+0	8.80748E+0	8.67318E+0	9.40900E+0	1.00174E+1	1.01319E+1	1.00913E+1	9.83619E+0	9.50152E+0	9.94566E+0	9.95718E+0	9.83436E+0	9.72297E+0	9.63987E+0	9.56288E+0	9.84588E+0	9.89864E+0	1.83062E+1	9.26457E+0	3.68110E-1	9.58835E+0	9.57861E+0	9.35774E+0	9.58140E+0	1.07309E+1	1.81833E+1	9.64946E+0	9.52133E+0	9.53287E+0	9.58493E+0	2.12763E+0	3.44239E+0	9.61763E+0	9.73996E+0	9.84386E+0	9.65669E+0	9.70954E+0	1.31633E+1	1.27423E+1	9.95351E+0	1.02529E+1	4.52910E+0	1.05077E+1	9.72742E+0	8.67205E+0	1.00929E+1	6.12442E+0	6.72378E+0	6.28017E+0	5.94907E+0	5.21182E+0	6.58000E+0	7.09800E+0	7.54453E+0	7.90702E+0	7.86235E+0	1.28295E+1	1.19832E+1	6.41282E+0	4.65781E+0	1.81111E+0	2.90525E+0	2.24230E+0	2.46560E+0	2.32691E+0	2.57409E+0	2.44223E+0	2.41540E+0	2.17381E+0	2.26369E+0	2.27442E+0	2.22302E+0	2.39619E+0	2.48451E+0	2.44771E+0	2.36950E+0	2.20762E+0	2.48778E+0	2.33374E+0	2.29648E+0	2.33809E+0	2.54079E+0	1.82388E+0	2.42978E+0	2.48013E+0	2.42044E+0	2.42266E+0	2.54993E+0	2.20631E+0	1.71105E+0	2.53003E+0	1.95152E+0	2.06236E+0	1.86340E+0	1.04788E+1	-1.47236E+1	-1.50817E+0
1.95416E+1	9.02660E+0	9.09809E+0	8.93263E+0	2.03698E+1	1.61722E+1	-6.57654E+0	1.87224E+1	5.32938E+0	1.58685E+1	-6.21833E+0	7.32907E+0	-1.25212E+0	-3.28295E+0	9.84814E+0	9.75047E+0	9.66733E+0	9.84527E+0	9.81190E+0	9.62556E+0	9.87094E+0	3.80673E+0	9.49096E+0	9.30972E+0	9.52978E+0	1.37365E+1	4.90411E-1	9.44921E+0	9.48447E+0	9.11440E+0	9.28234E+0	1.24191E+1	1.68874E+1	9.41611E+0	9.46119E+0	9.61832E+0	9.62380E+0	9.57628E+0	9.69040E+0	9.47885E+0	9.58631E+0	9.56367E+0	9.63216E+0	9.75263E+0	9.68408E+0	1.00634E+1	9.71170E+0	8.24421E+0	6.71265E+0	7.18513E+0	6.44804E+0	6.22725E+0	6.22315E+0	6.38472E+0	6.67876E+0	7.26647E+0	7.65515E+0	7.81208E+0	7.68991E+0	7.55749E+0	7.15543E+0	6.35712E+0	4.27573E+0	2.86933E+0	2.52997E+0	2.45204E+0	2.44961E+0	2.49012E+0	2.42867E+0	2.34598E+0	2.30914E+0	2.25910E+0	2.44812E+0	1.03818E+1	5.36996E+0	-1.40048E+0	2.48224E+0	2.01646E+0	2.83013E-1	4.52287E+0	2.43059E+0	2.13611E+0	2.23934E+0	2.05291E+0	1.03111E+1	1.42908E+0	-6.14002E+0	-4.36186E+0	-4.70421E+0	6.32422E+0	3.16651E+0	2.13550E+0	2.17420E+0	1.97257E+0	1.46977E+0	1.64883E+0	1.81730E+0	6.99430E+0	1.94715E+0	1.94430E+1
1.09102E+1	8.94331E+0	7.88259E+0	9.77782E+0	-9.10198E+0	1.18623E+1	9.47776E+0	9.93354E+0	2.02291E+1	9.86838E+0	9.71417E+0	9.99492E+0	9.57170E+0	9.69591E+0	9.77620E+0	9.77279E+0	1.48910E+1	1.00035E+1	9.81624E+0	1.40625E+1	9.28677E+0	9.62861E+0	8.68863E+0	1.49427E+1	1.13335E+1	9.29961E+0	1.05974E+1	1.10249E+1	9.44351E+0	9.75561E+0	9.63577E+0	9.25008E+0	9.59589E+0	9.42494E+0	9.53129E+0	9.48745E+0	9.62694E+0	9.64716E+0	9.60282E+0	9.68524E+0	9.60933E+0	9.80437E+0	9.62667E+0	9.72445E+0	9.63747E+0	9.96454E+0	9.79075E+0	8.29643E+0	7.19945E+0	6.75477E+0	6.35854E+0	6.02328E+0	6.12429E+0	6.40400E+0	6.65826E+0	7.28793E+0	7.72795E+0	7.73399E+0	7.99382E+0	7.60465E+0	7.23495E+0	6.51254E+0	4.15657E+0	2.80020E+0	2.34357E+0	2.45368E+0	2.31586E+0	2.33403E+0	2.34926E+0	2.48967E+0	2.09939E+0	2.44019E+0	2.29666E+0	2.48892E+0	2.34033E+0	2.24733E+0	2.30255E+0	2.32193E+0	6.92913E+0	-3.42291E+0	7.59170E+0	2.46372E+0	2.23851E+0	2.53278E+0	2.21963E+0	2.20453E+0	9.91067E+0	-7.92981E+0	-2.48376E-1	-1.01178E+0	2.09925E+0	2.11295E+0	1.90509E+0	2.05861E+0	2.04739E+0	1.20535E+0	1.60510E+0	1.72528E+0	1.48706E+1	-4.40473E+0
4.85223E+0	9.17753E+0	6.55596E+0	9.11278E+0	4.37727E+0	1.22107E+0	7.65302E+0	-6.46016E+0	9.53628E+0	9.19079E+0	1.07796E+1	2.23969E+1	1.57349E+1	9.77970E+0	9.79715E+0	-1.18048E+0	9.46791E+0	1.03036E+1	1.15491E+1	1.00529E+1	3.12570E+0	9.34900E+0	9.08991E+0	1.46485E+1	9.18312E+0	9.62037E+0	1.03583E+1	9.51937E+0	1.28772E+1	9.94958E+0	1.18005E+1	1.18569E+1	9.54948E+0	9.52173E+0	9.44661E+0	9.64313E+0	9.41714E+0	9.52610E+0	9.56861E+0	9.54799E+0	9.53107E+0	9.68856E+0	9.63356E+0	9.67576E+0	9.72843E+0	9.83474E+0	9.72247E+0	7.87795E+0	7.07040E+0	6.58673E+0	6.25466E+0	6.06752E+0	6.19673E+0	6.63463E+0	6.96110E+0	1.27500E+1	8.23120E+0	9.32620E+0	8.04106E+0	7.86477E+0	7.26936E+0	6.60443E+0	4.25587E+0	5.16934E+0	1.01463E+0	2.71407E+0	2.66915E+0	9.23499E+0	3.08582E+0	2.37911E+0	2.51582E+0	2.35265E+0	2.46595E+0	2.46632E+0	-4.54274E+0	-2.68811E+0	1.50239E+0	1.63939E+1	1.89922E+0	2.14070E+1	-3.04744E-1	-1.03684E+1	8.92716E+0	2.06370E+0	9.81398E+0	2.42788E+0	-1.84112E+1	5.86239E+0	-3.89354E+0	2.49121E+1	1.95052E+0	-1.78122E+0	3.50901E+0	2.01687E+0	1.49990E+1	8.50583E+0	1.93277E+0	6.81674E+0	6.76217E-1	4.53479E+0
1.35324E+1	1.64136E+1	9.59167E+0	9.84784E+0	8.13824E+0	2.04084E+1	1.86002E+1	1.07862E+1	2.43115E+1	1.04909E+1	9.88590E+0	9.74097E+0	9.68301E+0	1.01121E+1	9.79658E+0	1.00758E+1	9.93816E+0	9.62457E+0	9.80343E+0	9.75330E+0	9.66030E+0	9.55750E+0	9.51543E+0	9.65133E+0	9.33976E+0	9.78333E+0	9.57420E+0	9.43808E+0	9.35460E+0	9.57079E+0	9.28561E+0	9.67092E+0	1.39502E+1	7.84054E+0	9.11240E+0	9.60174E+0	9.49376E+0	9.34765E+0	9.65843E+0	9.49820E+0	9.62515E+0	-7.98729E+0	9.66689E+0	9.68026E+0	9.58949E+0	9.83475E+0	9.41663E+0	7.65469E+0	8.19516E+0	6.25326E+0	5.99344E+0	5.97175E+0	4.56460E+0	3.49088E+0	7.04495E+0	7.82009E+0	-2.35259E+0	9.06134E+0	5.27546E+0	1.42306E+1	7.45218E+0	6.67773E+0	6.28411E+0	6.07460E+0	5.87494E+0	4.39384E+0	-1.04787E+1	2.45202E+0	9.36553E+0	5.32409E-1	9.32583E+0	4.57599E+0	2.59659E+0	7.67844E+0	2.47683E+0	6.90004E+0	-8.80575E-1	9.31331E+0	9.40124E+0	2.21785E+0	1.16324E+1	1.80052E+0	9.59830E+0	1.92721E+0	6.01745E+0	-1.73701E+1	2.20558E+0	4.08181E+0	4.38907E+0	2.42881E+0	1.98636E+0	2.10520E+0	1.89644E+0	2.01126E+0	1.91531E+0	2.02171E+0	1.90625E+0	2.19214E+0	1.41625E+0	1.99925E+0
1.16892E+1	1.10834E+1	1.05235E+1	9.89708E+0	9.87951E+0	1.02748E+1	9.65147E+0	9.63945E+0	9.81097E+0	9.60321E+0	9.69865E+0	9.79955E+0	9.80993E+0	9.61782E+0	9.86694E+0	9.86846E+0	9.58149E+0	9.75549E+0	9.75682E+0	9.83626E+0	9.76868E+0	9.79048E+0	9.66685E+0	9.44736E+0	9.52274E+0	9.68263E+0	9.47592E+0	9.74636E+0	9.34849E+0	9.44191E+0	9.57115E+0	9.55954E+0	9.42436E+0	9.65356E+0	9.23683E+0	9.75138E+0	9.41204E+0	9.51158E+0	9.49148E+0	9.64411E+0	9.65095E+0	9.63685E+0	9.71801E+0	9.71336E+0	9.70590E+0	9.73810E+0	8.34350E+0	7.23601E+0	6.72590E+0	6.28480E+0	5.90138E+0	5.94627E+0	6.32468E+0	6.63717E+0	7.11386E+0	7.58373E+0	8.02972E+0	8.32935E+0	8.24582E+0	8.15158E+0	7.64874E+0	7.00905E+0	4.90235E+0	3.12159E+0	2.62468E+0	2.84775E+0	2.48240E+0	2.45112E+0	2.58097E+0	2.48119E+0	2.51225E+0	2.62083E+0	2.66023E+0	2.61660E+0	2.51616E+0	2.60684E+0	2.57687E+0	2.51070E+0	2.26673E+0	2.45562E+0	2.17202E+0	2.35655E+0	2.36929E+0	2.23524E+0	2.38210E+0	2.29368E+0	2.15153E+0	2.45371E+0	2.01388E+0	2.24386E+0	2.31583E+0	1.91038E+0	1.75098E+0	1.71474E+0	2.00355E+0	2.04731E+0	1.77029E+0	1.85117E+0	2.10514E+0	1.87523E+0
1.11246E+1	1.16184E+1	1.13742E+1	1.07654E+1	1.06542E+1	1.05079E+1	1.03657E+1	1.02169E+1	1.00863E+1	1.01583E+1	1.00085E+1	1.01165E+1	9.64590E+0	9.98022E+0	9.87201E+0	9.68369E+0	9.82982E+0	9.89987E+0	9.98305E+0	9.79005E+0	9.63999E+0	9.59904E+0	9.46183E+0	9.73712E+0	9.51687E+0	9.43766E+0	9.38859E+0	9.22268E+0	9.60184E+0	9.44110E+0	9.41981E+0	9.48837E+0	9.40947E+0	9.49706E+0	9.36732E+0	9.45402E+0	9.61170E+0	9.59301E+0	9.51293E+0	9.54989E+0	9.47875E+0	9.23792E+0	8.92814E+0	8.61881E+0	8.26281E+0	7.70346E+0	7.03150E+0	6.76750E+0	6.23866E+0	5.85306E+0	5.68406E+0	5.90192E+0	6.20084E+0	6.78737E+0	7.14595E+0	7.63551E+0	8.05782E+0	8.12602E+0	8.48239E+0	8.05361E+0	7.71277E+0	7.18780E+0	6.47944E+0	4.25862E+0	3.47867E+0	3.44037E+0	3.12440E+0	3.17940E+0	2.97524E+0	2.72426E+0	2.80754E+0	2.98569E+0	2.58805E+0	2.60955E+0	2.73706E+0	2.84303E+0	2.61808E+0	2.68357E+0	2.50505E+0	2.57836E+0	2.69748E+0	2.45992E+0	2.22633E+0	2.35967E+0	2.54868E+0	2.36541E+0	2.57776E+0	2.43273E+0	2.70858E+0	2.52427E+0	2.35673E+0	2.42877E+0	2.35560E+0	1.89316E+0	2.13756E+0	1.81889E+0	2.01981E+0	2.24276E+0	1.68213E+0	1.82294E+0
1.19636E+1	1.14967E+1	1.15421E+1	1.10334E+1	1.06309E+1	1.04040E+1	1.02142E+1	1.00031E+1	9.94388E+0	9.83873E+0	9.83862E+0	9.74163E+0	9.76251E+0	9.79776E+0	9.71753E+0	9.56800E+0	9.46025E+0	9.40774E+0	9.25334E+0	9.22292E+0	9.26410E+0	9.48154E+0	9.37178E+0	9.35146E+0	9.50681E+0	9.44544E+0	9.42263E+0	9.25712E+0	9.17766E+0	9.25815E+0	9.16297E+0	9.37746E+0	9.31476E+0	9.17121E+0	9.35323E+0	9.34242E+0	9.38769E+0	9.44752E+0	9.24700E+0	9.09458E+0	8.73908E+0	8.46342E+0	7.98957E+0	7.83854E+0	7.44182E+0	7.17584E+0	6.83882E+0	6.43567E+0	5.86799E+0	5.88021E+0	5.82121E+0	5.88818E+0	6.35640E+0	6.70273E+0	7.06425E+0	7.65249E+0	8.07540E+0	8.31888E+0	8.30404E+0	8.20142E+0	7.90301E+0	7.51318E+0	6.95927E+0	6.34826E+0	5.89320E+0	5.09942E+0	4.36055E+0	3.86925E+0	3.61464E+0	3.15603E+0	3.06737E+0	3.02671E+0	2.94008E+0	2.70221E+0	2.87525E+0	3.12707E+0	2.78300E+0	2.92577E+0	3.04119E+0	2.78798E+0	2.93143E+0	2.46240E+0	2.75991E+0	2.68098E+0	2.50135E+0	2.63815E+0	2.53376E+0	2.70337E+0	2.32461E+0	2.32957E+0	2.39168E+0	2.28780E+0	2.39992E+0	2.17900E+0	2.51069E+0	2.30284E+0	1.75161E+0	1.83287E+0	2.16555E+0	1.79388E+0
1.15455E+1	1.11738E+1	1.11660E+1	1.04828E+1	1.03216E+1	9.96551E+0	9.86746E+0	9.60391E+0	9.35482E+0	9.56719E+0	9.43450E+0	9.77002E+0	9.52196E+0	9.60341E+0	9.61053E+0	9.31209E+0	9.43151E+0	9.35629E+0	9.31157E+0	9.40910E+0	9.65925E+0	9.46436E+0	9.48803E+0	9.65125E+0	9.49230E+0	9.11778E+0	9.37080E+0	9.12883E+0	9.14124E+0	9.13049E+0	9.05201E+0	9.07894E+0	9.18958E+0	9.03568E+0	9.22790E+0	9.04623E+0	8.96308E+0	8.86043E+0	8.90648E+0	8.76887E+0	8.56023E+0	8.29079E+0	8.12371E+0	7.72309E+0	7.20173E+0	6.87376E+0	6.73246E+0	6.45412E+0	6.28816E+0	5.92591E+0	6.18328E+0	6.34789E+0	6.59991E+0	6.79119E+0	7.24521E+0	7.68214E+0	7.94742E+0	8.14689E+0	8.02266E+0	7.94405E+0	7.72869E+0	7.39597E+0	6.94681E+0	6.49488E+0	6.09500E+0	5.41021E+0	4.82519E+0	4.35836E+0	4.00996E+0	4.05446E+0	3.82203E+0	3.50629E+0	3.57276E+0	3.72944E+0	3.62211E+0	3.55853E+0	3.52002E+0	3.58943E+0	3.21290E+0	3.24251E+0	2.92688E+0	3.31102E+0	3.20154E+0	3.03857E+0	2.69303E+0	2.91865E+0	2.98545E+0	2.72726E+0	2.87995E+0	2.71589E+0	2.86679E+0	2.60708E+0	2.64481E+0	2.72402E+0	2.53538E+0	-1.02169E+1	1.00617E+1	7.73685E+0	2.57992E+0	2.28203E+0
1.10901E+1	1.09805E+1	2.21655E+1	-2.01743E+0	1.77570E+1	1.02056E+1	9.93881E+0	9.81437E+0	9.73203E+0	9.53747E+0	9.53269E+0	9.45761E+0	9.28849E+0	-1.60321E-1	1.01777E+1	1.32561E+0	-5.17957E+0	1.39582E+1	9.12416E+0	9.74310E+0	1.08515E+1	-1.55030E+0	3.38459E-1	8.93902E+0	8.49823E+0	8.76733E+0	3.86090E+0	1.23163E+0	8.02830E+0	8.87180E+0	8.94470E+0	8.93498E+0	8.90151E+0	8.93963E+0	8.87290E+0	7.48720E+0	8.01513E+0	8.68769E+0	8.51137E+0	8.30452E+0	8.20866E+0	6.51003E+0	1.10975E+1	1.09893E+0	6.98702E+0	6.73212E+0	3.08618E+0	8.07435E+0	6.36825E+0	6.33464E+0	6.42171E+0	6.30633E+0	6.47801E+0	6.56598E+0	6.62705E+0	7.10704E+0	7.42524E+0	7.52657E+0	7.86281E+0	7.51306E+0	7.30470E+0	7.01959E+0	6.80527E+0	6.40195E+0	6.19674E+0	5.43717E+0	4.92588E+0	2.31441E+0	6.70143E+0	-3.89851E-1	4.05113E+0	3.87754E+0	1.25084E+1	1.24776E+1	3.59113E+0	3.58352E+0	3.68138E+0	3.38853E+0	3.29091E+0	3.39465E+0	3.36081E+0	3.41182E+0	3.10011E+0	-3.53936E+0	6.56015E+0	1.32430E+1	-1.53325E+1	2.54685E+0	1.80501E+1	3.22699E+0	2.86743E+0	-1.08288E+1	-2.99056E+0	2.80557E+0	2.57056E+0	2.72962E+0	5.47975E+0	-2.86264E+0	2.08675E+0	3.67029E+0
8.15963E-1	2.88027E+1	1.05562E+1	1.43051E+1	2.45951E+1	9.79057E+0	-3.61065E+0	1.02575E+1	9.19711E+0	9.54701E+0	9.73557E+0	9.88203E+0	-4.13149E-1	9.32639E+0	-8.17207E+0	-2.56334E-1	9.93838E+0	9.03543E+0	9.01117E+0	3.82724E+0	9.51233E+0	8.85441E+0	8.69533E+0	8.62502E+0	8.44876E+0	8.68975E+0	8.74302E+0	8.65148E+0	8.38967E+0	8.48619E+0	8.52494E+0	8.52126E+0	8.36402E+0	8.28425E+0	8.27795E+0	8.07289E+0	8.02165E+0	7.54873E+0	7.67786E+0	7.95438E+0	7.64284E+0	7.48991E+0	7.05389E+0	7.06539E+0	6.92876E+0	6.84923E+0	6.45469E+0	6.39314E+0	6.29953E+0	6.31559E+0	1.50011E+1	4.79467E+0	5.67953E+0	6.60953E+0	9.60330E+0	6.73319E+0	7.05825E+0	7.03814E+0	7.13660E+0	6.98916E+0	6.81275E+0	-3.89019E+0	1.06052E+0	6.53605E+0	-2.05086E+0	5.53130E+0	3.19181E+0	8.97406E+0	-1.45589E+0	-6.55266E+0	4.29329E+0	1.00265E+1	3.30705E+0	1.25697E+1	1.05180E+1	8.94511E-1	-5.01650E+0	3.18647E+0	-1.91314E+0	4.33256E+0	3.58367E+0	9.79752E+0	1.18422E+1	4.68818E-1	3.62253E+0	-6.23943E+0	-7.62309E-1	1.10760E+1	1.55004E+1	3.19347E+0	1.50319E+0	3.73870E+0	3.07034E+0	-1.05233E+1	-1.18992E+1	3.16203E+0	4.94143E+0	9.24833E-1	2.11586E+0	2.44156E+0
1.06762E+1	1.04723E+1	1.00972E+1	1.04101E+1	1.00278E+1	9.85422E+0	9.78781E+0	9.73972E+0	9.71948E+0	9.79739E+0	9.64811E+0	9.53102E+0	9.43320E+0	9.29891E+0	8.71825E+0	8.58655E+0	8.64415E+0	9.18838E+0	8.75601E+0	9.06512E+0	9.11878E+0	9.04184E+0	8.60794E+0	8.52525E+0	8.80992E+0	8.58241E+0	8.39852E+0	8.35410E+0	8.17317E+0	8.08201E+0	8.21388E+0	8.25156E+0	8.25442E+0	7.90246E+0	8.26152E+0	7.98211E+0	7.46321E+0	7.75530E+0	7.44629E+0	7.45378E+0	7.48712E+0	7.06290E+0	7.14076E+0	6.87184E+0	6.73349E+0	6.52175E+0	6.35998E+0	6.39601E+0	6.43349E+0	6.33187E+0	6.66633E+0	6.36042E+0	6.66443E+0	6.80963E+0	6.34744E+0	6.27258E+0	6.52425E+0	6.63298E+0	6.41679E+0	6.63663E+0	6.35539E+0	6.18911E+0	6.05117E+0	5.63329E+0	5.32078E+0	5.40413E+0	4.98911E+0	4.69952E+0	4.25826E+0	4.09254E+0	3.88766E+0	3.60965E+0	3.76515E+0	3.74293E+0	4.14386E+0	3.80540E+0	3.93990E+0	3.54900E+0	3.13854E+0	3.39848E+0	3.65367E+0	3.30469E+0	3.33551E+0	3.28598E+0	3.25677E+0	3.28723E+0	2.90231E+0	3.09219E+0	3.13018E+0	2.92243E+0	3.23871E+0	3.14930E+0	2.57503E+0	3.00981E+0	2.89709E+0	2.72106E+0	2.76607E+0	2.50484E+0	2.33944E+0	2.34460E+0
1.01218E+1	1.00543E+1	1.01056E+1	9.73332E+0	9.60323E+0	9.91644E+0	9.66396E+0	9.64972E+0	9.66016E+0	9.39056E+0	9.53026E+0	8.77290E+0	9.26498E+0	9.29869E+0	9.10135E+0	8.60729E+0	8.78626E+0	8.74666E+0	8.79008E+0	8.88607E+0	8.68857E+0	8.54830E+0	8.47933E+0	8.58461E+0	8.09019E+0	8.13812E+0	8.20488E+0	8.18353E+0	8.16974E+0	8.23725E+0	7.99482E+0	7.85601E+0	7.99397E+0	7.74399E+0	7.69297E+0	7.61894E+0	7.74867E+0	7.63842E+0	7.39471E+0	7.41704E+0	7.14284E+0	7.17329E+0	7.02875E+0	6.81789E+0	6.59747E+0	6.35320E+0	6.36678E+0	6.22763E+0	6.40592E+0	6.42358E+0	6.27251E+0	6.11067E+0	6.25714E+0	6.15910E+0	6.25737E+0	6.40007E+0	6.17910E+0	6.20864E+0	6.13152E+0	6.15550E+0	6.05366E+0	5.89158E+0	5.95981E+0	5.61192E+0	5.44823E+0	5.02086E+0	4.94981E+0	4.68122E+0	4.67434E+0	4.14686E+0	4.30164E+0	4.42375E+0	4.17296E+0	3.84265E+0	3.86505E+0	3.70832E+0	3.69505E+0	3.75083E+0	3.46111E+0	3.45078E+0	3.35206E+0	3.25961E+0	3.60068E+0	3.20568E+0	3.51251E+0	3.30042E+0	3.11066E+0	2.84398E+0	3.21407E+0	3.04990E+0	3.00896E+0	3.09632E+0	3.00009E+0	3.21957E+0	2.97153E+0	3.06969E+0	2.68146E+0	2.87155E+0	2.58755E+0	2.31340E+0
