Sample name:	D5GR2_26p0uW_10e9A_355nm_P60V_longscan
Scan type:	Left -> Right
Direction:	X
Integration time (s):	0.500
Accumulations:	3
Line recovery time (s):	1.000
-------------------------------------------------------------------
Start X (um):	22524.946017
Start Y (um):	11629.957950
End X (um):	22714.967610
End Y (um):	11959.995454
X pixels:	100
Y pixels:	100
-------------------------------------------------------------------
Lock-in settings
Active:	1
Sensitivity:	100 mV [nA]
Time constant	100 ms
Input range:	300 mV
Amplitude (V):	0.000
Trigger:	External
Internal frequency (Hz):	200.000
Actual frequency (Hz):	1002.766052
-------------------------------------------------------------------
Sourcemeter settings
Active:	1
Read:	0
Voltage (V):	6.000E+1
Compliance level (A):	1.000E-6
-------------------------------------------------------------------
Axis Calibration (px/um):	17.598
X (px)
131546	131512	131478	131445	131411	131377	131343	131310	131276	131242	131208	131174	131141	131107	131073	131039	131006	130972	130938	130904	130870	130837	130803	130769	130735	130702	130668	130634	130600	130566	130533	130499	130465	130431	130398	130364	130330	130296	130262	130229	130195	130161	130127	130094	130060	130026	129992	129958	129925	129891	129857	129823	129790	129756	129722	129688	129654	129621	129587	129553	129519	129486	129452	129418	129384	129350	129317	129283	129249	129215	129182	129148	129114	129080	129046	129013	128979	128945	128911	128878	128844	128810	128776	128742	128709	128675	128641	128607	128574	128540	128506	128472	128438	128405	128371	128337	128303	128270	128236	128202

Y (px)
204664	204723	204781	204840	204899	204957	205016	205075	205133	205192	205251	205309	205368	205427	205485	205544	205603	205661	205720	205779	205837	205896	205955	206013	206072	206131	206189	206248	206307	206365	206424	206483	206541	206600	206659	206717	206776	206835	206893	206952	207011	207069	207128	207187	207245	207304	207363	207421	207480	207539	207597	207656	207715	207773	207832	207891	207949	208008	208067	208125	208184	208243	208301	208360	208419	208477	208536	208595	208653	208712	208771	208829	208888	208947	209005	209064	209123	209181	209240	209299	209357	209416	209475	209533	209592	209651	209709	209768	209827	209885	209944	210003	210061	210120	210179	210237	210296	210355	210413	210472

-------------------------------------------------------------------
2.26111E-3	2.19122E-3	2.17902E-3	2.19294E-3	2.22162E-3	2.24569E-3	2.25396E-3	2.29320E-3	2.31519E-3	2.37038E-3	2.39053E-3	2.39407E-3	2.43212E-3	2.46475E-3	2.51274E-3	2.57865E-3	2.58515E-3	2.62804E-3	2.67047E-3	2.72248E-3	2.77327E-3	2.83191E-3	2.88796E-3	2.94066E-3	3.02421E-3	3.08491E-3	3.14424E-3	3.22435E-3	3.26910E-3	3.35300E-3	3.45972E-3	3.52577E-3	3.58014E-3	3.67595E-3	3.74591E-3	3.82094E-3	3.87674E-3	3.95096E-3	4.02669E-3	4.10447E-3	4.14787E-3	4.18702E-3	4.24743E-3	4.28451E-3	4.30858E-3	4.28425E-3	4.32762E-3	4.31554E-3	4.33005E-3	4.28876E-3	4.27368E-3	4.26020E-3	4.23662E-3	4.21304E-3	4.17226E-3	4.09501E-3	4.03032E-3	3.98314E-3	3.94957E-3	3.85685E-3	3.78672E-3	3.68429E-3	3.64621E-3	3.59642E-3	3.49473E-3	3.45703E-3	3.38590E-3	3.30243E-3	3.24749E-3	3.17060E-3	3.09440E-3	3.04517E-3	2.94285E-3	2.92341E-3	2.82530E-3	2.78143E-3	2.69563E-3	2.62622E-3	2.57773E-3	2.53721E-3	2.47500E-3	2.42616E-3	2.35497E-3	2.29554E-3	2.30323E-3	2.22515E-3	2.17366E-3	2.13316E-3	2.12265E-3	2.08028E-3	2.01323E-3	2.01875E-3	1.97281E-3	1.92826E-3	1.89428E-3	1.89426E-3	1.84346E-3	1.83701E-3	1.79682E-3	1.75415E-3
2.19885E-3	2.20348E-3	2.22788E-3	2.24169E-3	2.27372E-3	2.28041E-3	2.29652E-3	2.32674E-3	2.39661E-3	2.39698E-3	2.43784E-3	2.45961E-3	2.45678E-3	2.51879E-3	2.56907E-3	2.58493E-3	2.65657E-3	2.70586E-3	2.73299E-3	2.79856E-3	2.85481E-3	2.92621E-3	2.97550E-3	3.00826E-3	3.11436E-3	3.13949E-3	3.23730E-3	3.27000E-3	3.38641E-3	3.45747E-3	3.50688E-3	3.62528E-3	3.68067E-3	3.79411E-3	3.86317E-3	3.95309E-3	4.06105E-3	4.12909E-3	4.17938E-3	4.30573E-3	4.36218E-3	4.40227E-3	4.48327E-3	4.49068E-3	4.53236E-3	4.55209E-3	4.53556E-3	4.53323E-3	4.54402E-3	4.52465E-3	4.48235E-3	4.49783E-3	4.48444E-3	4.43900E-3	4.36759E-3	4.30061E-3	4.22474E-3	4.17461E-3	4.10211E-3	4.02397E-3	3.94876E-3	3.84719E-3	3.77424E-3	3.68826E-3	3.63542E-3	3.54248E-3	3.50739E-3	3.41669E-3	3.36027E-3	3.26526E-3	3.18840E-3	3.09989E-3	3.01506E-3	2.95309E-3	2.88812E-3	2.81588E-3	2.74881E-3	2.68669E-3	2.59882E-3	2.55128E-3	2.49054E-3	2.43387E-3	2.37066E-3	2.34817E-3	2.31225E-3	2.26079E-3	2.20797E-3	2.16384E-3	2.12471E-3	2.10044E-3	2.03843E-3	1.99972E-3	1.96870E-3	1.93771E-3	1.92144E-3	1.91968E-3	1.82337E-3	1.82584E-3	1.81484E-3	1.79204E-3
2.31977E-3	2.29412E-3	2.25789E-3	2.29613E-3	2.29946E-3	2.30798E-3	2.33871E-3	2.36104E-3	2.39455E-3	2.42730E-3	2.46054E-3	2.49366E-3	2.52810E-3	2.57368E-3	2.61658E-3	2.66746E-3	2.70146E-3	2.76026E-3	2.81594E-3	2.87750E-3	2.93998E-3	2.99057E-3	3.04232E-3	3.11002E-3	3.18825E-3	3.27676E-3	3.34540E-3	3.41266E-3	3.51505E-3	3.61734E-3	3.72368E-3	3.82511E-3	3.99333E-3	4.06855E-3	4.11536E-3	4.22581E-3	4.35121E-3	4.38842E-3	4.44963E-3	4.55080E-3	4.65831E-3	4.69671E-3	4.75074E-3	4.80614E-3	4.82798E-3	4.85062E-3	4.86319E-3	4.85842E-3	4.85544E-3	4.86125E-3	4.83838E-3	4.81388E-3	4.77120E-3	4.70475E-3	4.64925E-3	4.52989E-3	4.47707E-3	4.39086E-3	4.31371E-3	4.20810E-3	4.14290E-3	4.03825E-3	3.95484E-3	3.89236E-3	3.82445E-3	3.71752E-3	3.64766E-3	3.55479E-3	3.44735E-3	3.40998E-3	3.26203E-3	3.16908E-3	3.08755E-3	3.01346E-3	2.96577E-3	2.88469E-3	2.79225E-3	2.73610E-3	2.68828E-3	2.62499E-3	2.56771E-3	2.48509E-3	2.45793E-3	2.39706E-3	2.34528E-3	2.30549E-3	2.24303E-3	2.20052E-3	2.17048E-3	2.12482E-3	2.08702E-3	2.06531E-3	2.04395E-3	2.01112E-3	1.94743E-3	1.92712E-3	1.90178E-3	1.88299E-3	1.84432E-3	1.83033E-3
2.32484E-3	2.30551E-3	2.30498E-3	2.32420E-3	2.34518E-3	2.34446E-3	2.36197E-3	2.38440E-3	2.42953E-3	2.46892E-3	2.50280E-3	2.55095E-3	2.59434E-3	2.61660E-3	2.65923E-3	2.68940E-3	2.75398E-3	2.80857E-3	2.87069E-3	2.93949E-3	2.99275E-3	3.08782E-3	3.16110E-3	3.24634E-3	3.30128E-3	3.42889E-3	3.45074E-3	3.54944E-3	3.63588E-3	3.74320E-3	3.86421E-3	3.95321E-3	4.06933E-3	4.17939E-3	4.29927E-3	4.44418E-3	4.55911E-3	4.63592E-3	4.72254E-3	4.83569E-3	4.95370E-3	5.01320E-3	5.09547E-3	5.14026E-3	5.16719E-3	5.14136E-3	5.16718E-3	5.15574E-3	5.14825E-3	5.15610E-3	5.11027E-3	5.08856E-3	5.00176E-3	4.96693E-3	4.90322E-3	4.80823E-3	4.71436E-3	4.61823E-3	4.54661E-3	4.56286E-3	4.34990E-3	4.26288E-3	4.14453E-3	4.04673E-3	3.94989E-3	3.85839E-3	3.76468E-3	3.65556E-3	3.56148E-3	3.47044E-3	3.37878E-3	3.25975E-3	3.18456E-3	3.09946E-3	3.03191E-3	2.93467E-3	2.86729E-3	2.82790E-3	2.72035E-3	2.68966E-3	2.60712E-3	2.55465E-3	2.48804E-3	2.41646E-3	2.37709E-3	2.33662E-3	2.30140E-3	2.25839E-3	2.19696E-3	2.17522E-3	2.12497E-3	2.07380E-3	2.04564E-3	2.03143E-3	1.98683E-3	1.96345E-3	1.91297E-3	1.88824E-3	1.87173E-3	1.84570E-3
2.33962E-3	2.32528E-3	2.30587E-3	2.33294E-3	2.34026E-3	2.36333E-3	2.41269E-3	2.46802E-3	2.46759E-3	2.49789E-3	2.50717E-3	2.56975E-3	2.61702E-3	2.66712E-3	2.73216E-3	2.76026E-3	2.81790E-3	2.90319E-3	2.96019E-3	2.99416E-3	3.05517E-3	3.16022E-3	3.24341E-3	3.29759E-3	3.38112E-3	3.43709E-3	3.56058E-3	3.66404E-3	3.76609E-3	3.85783E-3	4.00215E-3	4.12827E-3	4.28450E-3	4.42673E-3	4.52250E-3	4.65576E-3	4.87213E-3	4.94433E-3	5.04622E-3	5.18179E-3	5.29904E-3	5.42692E-3	5.47228E-3	5.49870E-3	5.54412E-3	5.55189E-3	5.54604E-3	5.57639E-3	5.52634E-3	5.51030E-3	5.45663E-3	5.49550E-3	5.39533E-3	5.30601E-3	5.21290E-3	5.10188E-3	4.98745E-3	4.87728E-3	4.76801E-3	4.68938E-3	4.61291E-3	4.51498E-3	4.37740E-3	4.26760E-3	4.16610E-3	4.04363E-3	3.92706E-3	3.88853E-3	3.72664E-3	3.66126E-3	3.48982E-3	3.38900E-3	3.32405E-3	3.20895E-3	3.12675E-3	3.04848E-3	2.94418E-3	2.87268E-3	2.80670E-3	2.73843E-3	2.66311E-3	2.61288E-3	2.57308E-3	2.49168E-3	2.44285E-3	2.37156E-3	2.34653E-3	2.29375E-3	2.23768E-3	2.19762E-3	2.16619E-3	2.13355E-3	2.07545E-3	2.05069E-3	2.02570E-3	2.01400E-3	1.93987E-3	1.91643E-3	1.90908E-3	1.86892E-3
2.36414E-3	2.35479E-3	2.38045E-3	2.36056E-3	2.38237E-3	2.40393E-3	2.45059E-3	2.45379E-3	2.50956E-3	2.54082E-3	2.55683E-3	2.59929E-3	2.64987E-3	2.68816E-3	2.76329E-3	2.80027E-3	2.85675E-3	2.91094E-3	2.98526E-3	3.04242E-3	3.12594E-3	3.18727E-3	3.30165E-3	3.37811E-3	3.47643E-3	3.56254E-3	3.65786E-3	3.76193E-3	3.86937E-3	3.98714E-3	4.13941E-3	4.26942E-3	4.39589E-3	4.56461E-3	4.69147E-3	4.83915E-3	5.02462E-3	5.15224E-3	5.30706E-3	5.46340E-3	5.63127E-3	5.74496E-3	5.83149E-3	5.87564E-3	5.90526E-3	5.86234E-3	5.91549E-3	5.86776E-3	5.85829E-3	5.82084E-3	5.77205E-3	5.73975E-3	5.66703E-3	5.58662E-3	5.53281E-3	5.37526E-3	5.24496E-3	5.14001E-3	5.02102E-3	4.90372E-3	4.78287E-3	4.65641E-3	4.51763E-3	4.37534E-3	4.24468E-3	4.12000E-3	4.04530E-3	3.88889E-3	3.77320E-3	3.68366E-3	3.54830E-3	3.47099E-3	3.34398E-3	3.27049E-3	3.15277E-3	3.06519E-3	3.00816E-3	2.95150E-3	2.88604E-3	2.79547E-3	2.73095E-3	2.64083E-3	2.60189E-3	2.52286E-3	2.46374E-3	2.40969E-3	2.36615E-3	2.32206E-3	2.27166E-3	2.24929E-3	2.20099E-3	2.14646E-3	2.11959E-3	2.06871E-3	2.03126E-3	2.00939E-3	1.97275E-3	1.96204E-3	1.91730E-3	1.88661E-3
2.34448E-3	2.34543E-3	2.33973E-3	2.37895E-3	2.39476E-3	2.43159E-3	2.47498E-3	2.51310E-3	2.52314E-3	2.56492E-3	2.60966E-3	2.66125E-3	2.70615E-3	2.74595E-3	2.78490E-3	2.86191E-3	2.92179E-3	2.97376E-3	3.05291E-3	3.12129E-3	3.21799E-3	3.28837E-3	3.35611E-3	3.45089E-3	3.53984E-3	3.67621E-3	3.75509E-3	3.87017E-3	4.01306E-3	4.11438E-3	4.27477E-3	4.42357E-3	4.57051E-3	4.72880E-3	4.91694E-3	5.09648E-3	5.29273E-3	5.48619E-3	5.63997E-3	5.83240E-3	6.00482E-3	6.14906E-3	6.29298E-3	6.35640E-3	6.41835E-3	6.41593E-3	6.40527E-3	6.36200E-3	6.34462E-3	6.30050E-3	6.23793E-3	6.17085E-3	6.12213E-3	6.02962E-3	5.91185E-3	5.79495E-3	5.60107E-3	5.46999E-3	5.31849E-3	5.17191E-3	5.01007E-3	4.86270E-3	4.76202E-3	4.62975E-3	4.53752E-3	4.35442E-3	4.25135E-3	4.08087E-3	3.96590E-3	3.83123E-3	3.71234E-3	3.57250E-3	3.47549E-3	3.36861E-3	3.26900E-3	3.17802E-3	3.07796E-3	3.00365E-3	2.95838E-3	2.86447E-3	2.77661E-3	2.70938E-3	2.66475E-3	2.61679E-3	2.53176E-3	2.46084E-3	2.41092E-3	2.38466E-3	2.31877E-3	2.26218E-3	2.21623E-3	2.20137E-3	2.12885E-3	2.10606E-3	2.07085E-3	2.03252E-3	1.99757E-3	1.98053E-3	1.92522E-3	1.94212E-3
2.38692E-3	2.40859E-3	2.40212E-3	2.40310E-3	2.42272E-3	2.47914E-3	2.50190E-3	2.53724E-3	2.55488E-3	2.60270E-3	2.66255E-3	2.68297E-3	2.73046E-3	2.76635E-3	2.82753E-3	2.90468E-3	2.97611E-3	3.04226E-3	3.09787E-3	3.19798E-3	3.27858E-3	3.37672E-3	3.44945E-3	3.55338E-3	3.64704E-3	3.72776E-3	3.84971E-3	3.98479E-3	4.06959E-3	4.24524E-3	4.40603E-3	4.56793E-3	4.75767E-3	4.92598E-3	5.07801E-3	5.28095E-3	5.48409E-3	5.69194E-3	5.89986E-3	6.14718E-3	6.37841E-3	6.55429E-3	6.70985E-3	6.83399E-3	6.90060E-3	6.94749E-3	6.94607E-3	6.89764E-3	6.81818E-3	6.75486E-3	6.67118E-3	6.58264E-3	6.46229E-3	6.36601E-3	6.21395E-3	6.02066E-3	5.83665E-3	5.72315E-3	5.62640E-3	5.46163E-3	5.28199E-3	5.13183E-3	4.92539E-3	4.77025E-3	4.64178E-3	4.46398E-3	4.30056E-3	4.17428E-3	4.07015E-3	3.89385E-3	3.78294E-3	3.64885E-3	3.51726E-3	3.40400E-3	3.31341E-3	3.22975E-3	3.13830E-3	3.04912E-3	2.97353E-3	2.90976E-3	2.80943E-3	2.74837E-3	2.69371E-3	2.59184E-3	2.53910E-3	2.47990E-3	2.45049E-3	2.39760E-3	2.34028E-3	2.29494E-3	2.26309E-3	2.21647E-3	2.15764E-3	2.14335E-3	2.10862E-3	2.04801E-3	2.03667E-3	1.98315E-3	1.95286E-3	1.91826E-3
2.44662E-3	2.43248E-3	2.42849E-3	2.43750E-3	2.48863E-3	2.49364E-3	2.53672E-3	2.56485E-3	2.57474E-3	2.64595E-3	2.68291E-3	2.72444E-3	2.76589E-3	2.81194E-3	2.91262E-3	2.94193E-3	3.00933E-3	3.09574E-3	3.15378E-3	3.24206E-3	3.34140E-3	3.42376E-3	3.50077E-3	3.61524E-3	3.69898E-3	3.81737E-3	3.92495E-3	4.06624E-3	4.18967E-3	4.33408E-3	4.50037E-3	4.66163E-3	4.84591E-3	5.02943E-3	5.19284E-3	5.40983E-3	5.65413E-3	5.86274E-3	6.07114E-3	6.33775E-3	6.67505E-3	6.96198E-3	7.23427E-3	7.45166E-3	7.60591E-3	7.46522E-3	7.42218E-3	7.37402E-3	7.30440E-3	7.22194E-3	7.09429E-3	6.99633E-3	6.85309E-3	6.75794E-3	6.57799E-3	6.38252E-3	6.20514E-3	6.03371E-3	5.87218E-3	5.66207E-3	5.48048E-3	5.29866E-3	5.07888E-3	4.91180E-3	4.76423E-3	4.56234E-3	4.42598E-3	4.25221E-3	4.10742E-3	3.99207E-3	3.84519E-3	3.72193E-3	3.59480E-3	3.48451E-3	3.39549E-3	3.30139E-3	3.20637E-3	3.11326E-3	3.01841E-3	2.93309E-3	2.87570E-3	2.80508E-3	2.74811E-3	2.68373E-3	2.61210E-3	2.57302E-3	2.51658E-3	2.43188E-3	2.37615E-3	2.33698E-3	2.28914E-3	2.26346E-3	2.21988E-3	2.16023E-3	2.13207E-3	2.10647E-3	2.05055E-3	2.02059E-3	2.01312E-3	1.98220E-3
2.41150E-3	2.40865E-3	2.46225E-3	2.47009E-3	2.49210E-3	2.50319E-3	2.52647E-3	2.58398E-3	2.62333E-3	2.67404E-3	2.70290E-3	2.74840E-3	2.80540E-3	2.87616E-3	2.91567E-3	2.95950E-3	3.06452E-3	3.13680E-3	3.20330E-3	3.29556E-3	3.37454E-3	3.47187E-3	3.54834E-3	3.67134E-3	3.78483E-3	3.91416E-3	4.02591E-3	4.14976E-3	4.28804E-3	4.46129E-3	4.61866E-3	4.78196E-3	4.97266E-3	5.16163E-3	5.33366E-3	5.54062E-3	5.77887E-3	6.03398E-3	6.27303E-3	6.55887E-3	6.86529E-3	7.18565E-3	7.52827E-3	7.76092E-3	7.93346E-3	7.85260E-3	7.85245E-3	7.77820E-3	7.72972E-3	7.65672E-3	7.48620E-3	7.37979E-3	7.22185E-3	7.08069E-3	6.89056E-3	6.63130E-3	6.42313E-3	6.29989E-3	6.09236E-3	5.84484E-3	5.64277E-3	5.47431E-3	5.25468E-3	5.05500E-3	4.88362E-3	4.71202E-3	4.51911E-3	4.36247E-3	4.18336E-3	4.02618E-3	3.89769E-3	3.77409E-3	3.66315E-3	3.54332E-3	3.41390E-3	3.32719E-3	3.23298E-3	3.12719E-3	3.06800E-3	2.99514E-3	2.91405E-3	2.82548E-3	2.77195E-3	2.69627E-3	2.64097E-3	2.56942E-3	2.50171E-3	2.44418E-3	2.40836E-3	2.36477E-3	2.32190E-3	2.27668E-3	2.21554E-3	2.21246E-3	2.06546E-3	2.10117E-3	2.09758E-3	2.06006E-3	2.01699E-3	1.99221E-3
2.46083E-3	2.44674E-3	2.46018E-3	2.46863E-3	2.49778E-3	2.53200E-3	2.57204E-3	2.61464E-3	2.66570E-3	2.70238E-3	2.72590E-3	2.78206E-3	2.83715E-3	2.92867E-3	2.97352E-3	3.02736E-3	3.08369E-3	3.17635E-3	3.25547E-3	3.33196E-3	3.42695E-3	3.52805E-3	3.61378E-3	3.75526E-3	3.85102E-3	3.99008E-3	4.09450E-3	4.24981E-3	4.38614E-3	4.54616E-3	4.72619E-3	4.90789E-3	5.08766E-3	5.31273E-3	5.48056E-3	5.72739E-3	5.97147E-3	6.21496E-3	6.49789E-3	6.82298E-3	7.12619E-3	7.49595E-3	7.83302E-3	8.08100E-3	8.27368E-3	8.21560E-3	8.25076E-3	8.13792E-3	8.10509E-3	8.00612E-3	7.84730E-3	7.69604E-3	7.53980E-3	7.35126E-3	7.12585E-3	6.90115E-3	6.63625E-3	6.45698E-3	6.28130E-3	6.01922E-3	5.76272E-3	5.56685E-3	5.39931E-3	5.17602E-3	4.98173E-3	4.77359E-3	4.65828E-3	4.46203E-3	4.26555E-3	4.10983E-3	3.98650E-3	3.87197E-3	3.70930E-3	3.58979E-3	3.48615E-3	3.37349E-3	3.26421E-3	3.19498E-3	3.14787E-3	3.04735E-3	2.99382E-3	2.89224E-3	2.81891E-3	2.71179E-3	2.64743E-3	2.56536E-3	2.52783E-3	2.48797E-3	2.41678E-3	2.38226E-3	2.34470E-3	2.30177E-3	2.24767E-3	2.20965E-3	2.16720E-3	2.11354E-3	2.09081E-3	2.09389E-3	2.03562E-3	2.01882E-3
2.51454E-3	2.47809E-3	2.49071E-3	2.52955E-3	2.55396E-3	2.57763E-3	2.60574E-3	2.65576E-3	2.69302E-3	2.73668E-3	2.78352E-3	2.83905E-3	2.85188E-3	2.91952E-3	2.99902E-3	3.07439E-3	3.13635E-3	3.21759E-3	3.29760E-3	3.37702E-3	3.47959E-3	3.56628E-3	3.70889E-3	3.78236E-3	3.90863E-3	4.02234E-3	4.13783E-3	4.29247E-3	4.49313E-3	4.65519E-3	4.81886E-3	4.99214E-3	5.18963E-3	5.40323E-3	5.57786E-3	5.82715E-3	6.12041E-3	6.39879E-3	6.68369E-3	6.95533E-3	7.33138E-3	7.67489E-3	8.01400E-3	8.35316E-3	8.48052E-3	8.46786E-3	8.51865E-3	8.42385E-3	8.36349E-3	8.29130E-3	8.13532E-3	7.98836E-3	7.79424E-3	7.59326E-3	7.38705E-3	7.17925E-3	6.84766E-3	6.62582E-3	6.41638E-3	6.15480E-3	5.90502E-3	5.68746E-3	5.47702E-3	5.23716E-3	5.07553E-3	4.86702E-3	4.68844E-3	4.49439E-3	4.32591E-3	4.17914E-3	4.01918E-3	3.86458E-3	3.75305E-3	3.64323E-3	3.51740E-3	3.42611E-3	3.33223E-3	3.24819E-3	3.14268E-3	3.05331E-3	2.96145E-3	2.91472E-3	2.81573E-3	2.74599E-3	2.65246E-3	2.59396E-3	2.55174E-3	2.48766E-3	2.44238E-3	2.39127E-3	2.33203E-3	2.28599E-3	2.25733E-3	2.21054E-3	2.20306E-3	2.14458E-3	2.09806E-3	2.06032E-3	2.05463E-3	2.03163E-3
2.46699E-3	2.49056E-3	2.47365E-3	2.51595E-3	2.53371E-3	2.57853E-3	2.61109E-3	2.64242E-3	2.69625E-3	2.74629E-3	2.77102E-3	2.82966E-3	2.86235E-3	2.93868E-3	3.00631E-3	3.09716E-3	3.16576E-3	3.22583E-3	3.31733E-3	3.41352E-3	3.49119E-3	3.59459E-3	3.73681E-3	3.85032E-3	3.96023E-3	4.07645E-3	4.22347E-3	4.39748E-3	4.54155E-3	4.70973E-3	4.87985E-3	5.05465E-3	5.26550E-3	5.44262E-3	5.69410E-3	5.96217E-3	6.24046E-3	6.52112E-3	6.79434E-3	7.12069E-3	7.51813E-3	7.99423E-3	8.23452E-3	8.56747E-3	8.74936E-3	8.78599E-3	8.80316E-3	8.70666E-3	8.68169E-3	8.58108E-3	8.39596E-3	8.25104E-3	8.06149E-3	7.84526E-3	7.58820E-3	7.31387E-3	7.01690E-3	6.79321E-3	6.56397E-3	6.27718E-3	6.04270E-3	5.79792E-3	5.55520E-3	5.37241E-3	5.16522E-3	4.93430E-3	4.76419E-3	4.56012E-3	4.39281E-3	4.25096E-3	4.09630E-3	3.97586E-3	3.83191E-3	3.67479E-3	3.58181E-3	3.48875E-3	3.52829E-3	3.24253E-3	3.16706E-3	3.09894E-3	2.99528E-3	2.94014E-3	2.83653E-3	2.76551E-3	2.68663E-3	2.65115E-3	2.59025E-3	2.52449E-3	2.47386E-3	2.44008E-3	2.37269E-3	2.34175E-3	2.28486E-3	2.24984E-3	2.20897E-3	2.16472E-3	2.11746E-3	2.09082E-3	2.05485E-3	2.05467E-3
2.46729E-3	2.47353E-3	2.49904E-3	2.52290E-3	2.54695E-3	2.58885E-3	2.62779E-3	2.66771E-3	2.70713E-3	2.74528E-3	2.84294E-3	2.84994E-3	2.93074E-3	2.99372E-3	3.03153E-3	3.11972E-3	3.20405E-3	3.28436E-3	3.39080E-3	3.49973E-3	3.56452E-3	3.65914E-3	3.77168E-3	3.90028E-3	4.01859E-3	4.12783E-3	4.28542E-3	4.43792E-3	4.61200E-3	4.78119E-3	4.95929E-3	5.17344E-3	5.36053E-3	5.57138E-3	5.82187E-3	6.06103E-3	6.35474E-3	6.65505E-3	6.95445E-3	7.29167E-3	7.67080E-3	8.04916E-3	8.42201E-3	8.75095E-3	8.96075E-3	8.96525E-3	9.00771E-3	8.96524E-3	8.89645E-3	8.83293E-3	8.65275E-3	8.48280E-3	8.28637E-3	8.05713E-3	7.79303E-3	7.49389E-3	7.16919E-3	6.93126E-3	6.68300E-3	6.46782E-3	6.14913E-3	5.89553E-3	5.66852E-3	5.44703E-3	5.24104E-3	5.01784E-3	4.83658E-3	4.64982E-3	4.49413E-3	4.32420E-3	4.16357E-3	4.00285E-3	3.88176E-3	3.72853E-3	3.63532E-3	3.52351E-3	3.40689E-3	3.31123E-3	3.21950E-3	3.15281E-3	3.05366E-3	2.97383E-3	2.87563E-3	2.79338E-3	2.72274E-3	2.68205E-3	2.61314E-3	2.55414E-3	2.50225E-3	2.42037E-3	2.40560E-3	2.34995E-3	2.30723E-3	2.26102E-3	2.25714E-3	2.17311E-3	2.13986E-3	2.10280E-3	2.08002E-3	2.03582E-3
2.52804E-3	2.50788E-3	2.56994E-3	2.55460E-3	2.60246E-3	2.62972E-3	2.65189E-3	2.70579E-3	2.71891E-3	2.81187E-3	2.83794E-3	2.89598E-3	2.92561E-3	3.03322E-3	3.06330E-3	3.18346E-3	3.22558E-3	3.31236E-3	3.40105E-3	3.51330E-3	3.60325E-3	3.73861E-3	3.83445E-3	3.97969E-3	4.07338E-3	4.21269E-3	4.34514E-3	4.51965E-3	4.68812E-3	4.88026E-3	5.05357E-3	5.25506E-3	5.45452E-3	5.66988E-3	5.89412E-3	6.20454E-3	6.46816E-3	6.75168E-3	7.10297E-3	7.42264E-3	7.84844E-3	8.25584E-3	8.63558E-3	8.95743E-3	9.16449E-3	9.17118E-3	9.19328E-3	9.16442E-3	9.12661E-3	8.98822E-3	8.84328E-3	8.66072E-3	8.44480E-3	8.22938E-3	7.94574E-3	7.60621E-3	7.32564E-3	7.11898E-3	6.82273E-3	6.53532E-3	6.26979E-3	6.01257E-3	5.75940E-3	5.52713E-3	5.32669E-3	5.08399E-3	4.90723E-3	4.69775E-3	4.52688E-3	4.36026E-3	4.20358E-3	4.02812E-3	3.93143E-3	3.78943E-3	3.65297E-3	3.54632E-3	3.42420E-3	3.34456E-3	3.22930E-3	3.14528E-3	3.12210E-3	2.98148E-3	2.89073E-3	2.81629E-3	2.74226E-3	2.67027E-3	2.60473E-3	2.55742E-3	2.51492E-3	2.47729E-3	2.43072E-3	2.37029E-3	2.32312E-3	2.28243E-3	2.24070E-3	2.17837E-3	2.13712E-3	2.12354E-3	2.09608E-3	2.05273E-3
2.48653E-3	2.50549E-3	2.51151E-3	2.55696E-3	2.56863E-3	2.60334E-3	2.66153E-3	2.69269E-3	2.75732E-3	2.79840E-3	2.85015E-3	2.90037E-3	2.97053E-3	3.03424E-3	3.11019E-3	3.17051E-3	3.24330E-3	3.34867E-3	3.43076E-3	3.52791E-3	3.64021E-3	3.76290E-3	3.87780E-3	3.98148E-3	4.11067E-3	4.26543E-3	4.39087E-3	4.58195E-3	4.74627E-3	4.93825E-3	5.14625E-3	5.33634E-3	5.51569E-3	5.75516E-3	6.00771E-3	6.29662E-3	6.55802E-3	6.87504E-3	7.22510E-3	7.57375E-3	7.97718E-3	8.38841E-3	8.81853E-3	9.13005E-3	9.30041E-3	9.38215E-3	9.40410E-3	9.34237E-3	9.31210E-3	9.18342E-3	9.02995E-3	8.85107E-3	8.62495E-3	8.39686E-3	8.10428E-3	7.76498E-3	7.47636E-3	7.24440E-3	6.95306E-3	6.67474E-3	6.37164E-3	6.09136E-3	5.85212E-3	5.64814E-3	5.38932E-3	5.17324E-3	4.98000E-3	4.75539E-3	4.58624E-3	4.42295E-3	4.25718E-3	4.09063E-3	3.94387E-3	3.84173E-3	3.69438E-3	3.61749E-3	3.49505E-3	3.37424E-3	3.28685E-3	3.19488E-3	3.09045E-3	3.00533E-3	2.93511E-3	2.85107E-3	2.79715E-3	2.70680E-3	2.65288E-3	2.57675E-3	2.54371E-3	2.48090E-3	2.42625E-3	2.38228E-3	2.35556E-3	2.31490E-3	2.24863E-3	2.22041E-3	2.17313E-3	2.13089E-3	2.10349E-3	2.07543E-3
2.56119E-3	2.55107E-3	2.56643E-3	2.58994E-3	2.61375E-3	2.63296E-3	2.67956E-3	2.74855E-3	2.78428E-3	2.80452E-3	2.87493E-3	2.92842E-3	3.00562E-3	3.06753E-3	3.11867E-3	3.20959E-3	3.28040E-3	3.37895E-3	3.45520E-3	3.56592E-3	3.68320E-3	3.79637E-3	3.91736E-3	4.03509E-3	4.20004E-3	4.35300E-3	4.47681E-3	4.63216E-3	4.78558E-3	4.99090E-3	5.18091E-3	5.40105E-3	5.61249E-3	5.83937E-3	6.10457E-3	6.34829E-3	6.69741E-3	6.97252E-3	7.32099E-3	7.67920E-3	8.10490E-3	8.53394E-3	8.96268E-3	9.32076E-3	9.47027E-3	9.49299E-3	9.55328E-3	9.49659E-3	9.42911E-3	9.41857E-3	9.17934E-3	8.97337E-3	8.78087E-3	8.50716E-3	8.21881E-3	7.88887E-3	7.57534E-3	7.32191E-3	7.05886E-3	6.72800E-3	6.43744E-3	6.20197E-3	5.94244E-3	5.68234E-3	5.45640E-3	5.21638E-3	5.01646E-3	4.81037E-3	4.60404E-3	4.43597E-3	4.28030E-3	4.11535E-3	3.98166E-3	3.84992E-3	3.72972E-3	3.62364E-3	3.51342E-3	3.40253E-3	3.29540E-3	3.21657E-3	3.10960E-3	3.02785E-3	2.93504E-3	2.86327E-3	2.79446E-3	2.72965E-3	2.66859E-3	2.60231E-3	2.54588E-3	2.49635E-3	2.46205E-3	2.41169E-3	2.35446E-3	2.31280E-3	2.26232E-3	2.24132E-3	2.18055E-3	2.17738E-3	2.13686E-3	2.10164E-3
2.56092E-3	2.55319E-3	2.58146E-3	2.60120E-3	2.62501E-3	2.67349E-3	2.71710E-3	2.77014E-3	2.79999E-3	2.84824E-3	2.89864E-3	2.93642E-3	3.02849E-3	3.08709E-3	3.17131E-3	3.27419E-3	3.30939E-3	3.41144E-3	3.51333E-3	3.61381E-3	3.72347E-3	3.88330E-3	3.98875E-3	4.10015E-3	4.23977E-3	4.37018E-3	4.55181E-3	4.71032E-3	4.88386E-3	5.05824E-3	5.27582E-3	5.46687E-3	5.72649E-3	5.95664E-3	6.16428E-3	6.47822E-3	6.80405E-3	7.09058E-3	7.43961E-3	7.83734E-3	8.28942E-3	8.70439E-3	9.12843E-3	9.46374E-3	9.62531E-3	9.60639E-3	9.64913E-3	9.62169E-3	9.59974E-3	9.48414E-3	9.27353E-3	9.08712E-3	8.84015E-3	8.57795E-3	8.31283E-3	7.97833E-3	7.65953E-3	7.43615E-3	7.18051E-3	6.84560E-3	6.54443E-3	6.27372E-3	6.00162E-3	5.74254E-3	5.53942E-3	5.30041E-3	5.10488E-3	4.87158E-3	4.67052E-3	4.50977E-3	4.33686E-3	4.18873E-3	4.03222E-3	3.90089E-3	3.77022E-3	3.66612E-3	3.55397E-3	3.43636E-3	3.34210E-3	3.23527E-3	3.13592E-3	3.03885E-3	2.97611E-3	2.89003E-3	2.80982E-3	2.75091E-3	2.67567E-3	2.64353E-3	2.56122E-3	2.53387E-3	2.46443E-3	2.42170E-3	2.37335E-3	2.33703E-3	2.27519E-3	2.23533E-3	2.18911E-3	2.17527E-3	2.14932E-3	2.09768E-3
2.54730E-3	2.58962E-3	2.57611E-3	2.62399E-3	2.65099E-3	2.68310E-3	2.72867E-3	2.77309E-3	2.82193E-3	2.86341E-3	2.93274E-3	2.98090E-3	3.03433E-3	3.12885E-3	3.18214E-3	3.25302E-3	3.36215E-3	3.41023E-3	3.55338E-3	3.67757E-3	3.74138E-3	3.87045E-3	4.01353E-3	4.15147E-3	4.26413E-3	4.44408E-3	4.59872E-3	4.75091E-3	4.90812E-3	5.11310E-3	5.32771E-3	5.49092E-3	5.73556E-3	5.99881E-3	6.26752E-3	6.56102E-3	6.87658E-3	7.21473E-3	7.60131E-3	7.99282E-3	8.45639E-3	8.84255E-3	9.23578E-3	9.59568E-3	9.69181E-3	9.69855E-3	9.74355E-3	9.67585E-3	9.64713E-3	9.51801E-3	9.32731E-3	9.13189E-3	8.90412E-3	8.67381E-3	8.37721E-3	8.05033E-3	7.72312E-3	7.48609E-3	7.16926E-3	6.86406E-3	6.57735E-3	6.30322E-3	6.03011E-3	5.79345E-3	5.55549E-3	5.33934E-3	5.11839E-3	4.91207E-3	4.73451E-3	4.52821E-3	4.33948E-3	4.21671E-3	4.03508E-3	3.91508E-3	3.79575E-3	3.68535E-3	3.59882E-3	3.44388E-3	3.36337E-3	3.27263E-3	3.16348E-3	3.07684E-3	2.99163E-3	2.90945E-3	2.84745E-3	2.75131E-3	2.70625E-3	2.64176E-3	2.58915E-3	2.53623E-3	2.47692E-3	2.43716E-3	2.38001E-3	2.33375E-3	2.29343E-3	2.25748E-3	2.20399E-3	2.19634E-3	2.15607E-3	2.13489E-3
2.58793E-3	2.60850E-3	2.60674E-3	2.64912E-3	2.67512E-3	2.71900E-3	2.74925E-3	2.79255E-3	2.85350E-3	2.88884E-3	2.96243E-3	3.02364E-3	3.09425E-3	3.15525E-3	3.25028E-3	3.33389E-3	3.39444E-3	3.49530E-3	3.57936E-3	3.70839E-3	3.80937E-3	3.94152E-3	4.08739E-3	4.19845E-3	4.34246E-3	4.51671E-3	4.66820E-3	4.81247E-3	5.01430E-3	5.20638E-3	5.39297E-3	5.62854E-3	5.85962E-3	6.08227E-3	6.35917E-3	6.66152E-3	6.97880E-3	7.31343E-3	7.69844E-3	8.05368E-3	8.51623E-3	8.95188E-3	9.33824E-3	9.68678E-3	9.79768E-3	9.82551E-3	9.88193E-3	9.82275E-3	9.81805E-3	9.67839E-3	9.50026E-3	9.27647E-3	9.04647E-3	8.77029E-3	8.45745E-3	8.13952E-3	7.84787E-3	7.57008E-3	7.28312E-3	6.94633E-3	6.65194E-3	6.38043E-3	6.11755E-3	5.87978E-3	5.64483E-3	5.38764E-3	5.18981E-3	4.95697E-3	4.76254E-3	4.56861E-3	4.39345E-3	4.25308E-3	4.10003E-3	3.94653E-3	3.82684E-3	3.71235E-3	3.61452E-3	3.49693E-3	3.38208E-3	3.27019E-3	3.17439E-3	3.10117E-3	3.01042E-3	2.94244E-3	2.86185E-3	2.78880E-3	2.71745E-3	2.67548E-3	2.59587E-3	2.55410E-3	2.52813E-3	2.44371E-3	2.40090E-3	2.33773E-3	2.32934E-3	2.28448E-3	2.25032E-3	2.20728E-3	2.14904E-3	2.13346E-3
2.59642E-3	2.59512E-3	2.63618E-3	2.65852E-3	2.67378E-3	2.71102E-3	2.77743E-3	2.82115E-3	2.85987E-3	2.92971E-3	2.96535E-3	3.03677E-3	3.10722E-3	3.17216E-3	3.24847E-3	3.33140E-3	3.41343E-3	3.49811E-3	3.63290E-3	3.74921E-3	3.83781E-3	3.96236E-3	4.09201E-3	4.24350E-3	4.39013E-3	4.52340E-3	4.69972E-3	4.85186E-3	5.05986E-3	5.25361E-3	5.45973E-3	5.66250E-3	5.89653E-3	6.17601E-3	6.42119E-3	6.70461E-3	7.08061E-3	7.37048E-3	7.71716E-3	8.12543E-3	8.58065E-3	9.00777E-3	9.41275E-3	9.75233E-3	9.88077E-3	9.90127E-3	9.91533E-3	9.88984E-3	9.85571E-3	9.70604E-3	9.49937E-3	9.28255E-3	9.10591E-3	8.83265E-3	8.50969E-3	8.17084E-3	7.87860E-3	7.63255E-3	7.29429E-3	6.97785E-3	6.66447E-3	6.38734E-3	6.15506E-3	5.89008E-3	5.66027E-3	5.42163E-3	5.20878E-3	5.00599E-3	4.81151E-3	4.63949E-3	4.54234E-3	4.25494E-3	4.10246E-3	3.97555E-3	3.84573E-3	3.72402E-3	3.63471E-3	3.51275E-3	3.39915E-3	3.31763E-3	3.21838E-3	3.11162E-3	3.01691E-3	2.93307E-3	2.88552E-3	2.80294E-3	2.75142E-3	2.67216E-3	2.62138E-3	2.58949E-3	2.53547E-3	2.47176E-3	2.39810E-3	2.36016E-3	2.32192E-3	2.30763E-3	2.25094E-3	2.20964E-3	2.17014E-3	2.14546E-3
2.61448E-3	2.60977E-3	2.62655E-3	2.65417E-3	2.69611E-3	2.74702E-3	2.80106E-3	2.80463E-3	2.85056E-3	2.94525E-3	2.98632E-3	3.06685E-3	3.13715E-3	3.19206E-3	3.25860E-3	3.35415E-3	3.42441E-3	3.54868E-3	3.68436E-3	3.74953E-3	3.88648E-3	4.01286E-3	4.14952E-3	4.26410E-3	4.42101E-3	4.56731E-3	4.71163E-3	4.90132E-3	5.10809E-3	5.28587E-3	5.50333E-3	5.70455E-3	5.94326E-3	6.20783E-3	6.50546E-3	6.80034E-3	7.10363E-3	7.46305E-3	8.03374E-3	8.23704E-3	8.65055E-3	9.07344E-3	9.47553E-3	9.81012E-3	9.94096E-3	9.95603E-3	1.00017E-2	1.00018E-2	9.91058E-3	9.77986E-3	9.61047E-3	9.37028E-3	9.17528E-3	8.87242E-3	8.56250E-3	8.23646E-3	7.91958E-3	7.67083E-3	7.34967E-3	7.06125E-3	6.73479E-3	6.45637E-3	6.19595E-3	5.94528E-3	5.67390E-3	5.42883E-3	5.23220E-3	5.00719E-3	4.79185E-3	4.61595E-3	4.45383E-3	4.27381E-3	4.13941E-3	3.99303E-3	4.05812E-3	3.78067E-3	3.62075E-3	3.50813E-3	3.39523E-3	3.31582E-3	3.21756E-3	3.10304E-3	3.05130E-3	2.98826E-3	2.86521E-3	2.82546E-3	2.75269E-3	2.68165E-3	2.63690E-3	2.59287E-3	2.53596E-3	2.48030E-3	2.43365E-3	2.38519E-3	2.33774E-3	2.29364E-3	2.26829E-3	2.22434E-3	2.17792E-3	2.14696E-3
2.61964E-3	2.61956E-3	2.66653E-3	2.68439E-3	2.70456E-3	2.72521E-3	2.78169E-3	2.83249E-3	2.86810E-3	2.94860E-3	3.00899E-3	3.07507E-3	3.14696E-3	3.20944E-3	3.27955E-3	3.36523E-3	3.45789E-3	3.56164E-3	3.68283E-3	3.78320E-3	3.90373E-3	4.03239E-3	4.14564E-3	4.31583E-3	4.44985E-3	4.60724E-3	4.75672E-3	4.95554E-3	5.12888E-3	5.32708E-3	5.54757E-3	5.73785E-3	5.97509E-3	6.24025E-3	6.54490E-3	6.83895E-3	7.14222E-3	7.48149E-3	7.86923E-3	8.26138E-3	8.76060E-3	9.17600E-3	9.60980E-3	9.97862E-3	1.00893E-2	1.00737E-2	1.00987E-2	1.00817E-2	1.00249E-2	9.86829E-3	9.71296E-3	9.44142E-3	9.21082E-3	8.92629E-3	8.61015E-3	8.27308E-3	8.00016E-3	7.69204E-3	7.40781E-3	7.05938E-3	6.76296E-3	6.49617E-3	6.21054E-3	5.97603E-3	5.70662E-3	5.47242E-3	5.25036E-3	5.02053E-3	4.82242E-3	4.65627E-3	4.47914E-3	4.32102E-3	4.18221E-3	4.02314E-3	3.87337E-3	3.78038E-3	3.65395E-3	3.54295E-3	3.42978E-3	3.34998E-3	3.24540E-3	3.15172E-3	3.06538E-3	2.96819E-3	2.91219E-3	2.85381E-3	2.78270E-3	2.70040E-3	2.64890E-3	2.60931E-3	2.53534E-3	2.49082E-3	2.43499E-3	2.39841E-3	2.37291E-3	2.31322E-3	2.24957E-3	2.26168E-3	2.21960E-3	2.17142E-3
2.61121E-3	2.62798E-3	2.66397E-3	2.69841E-3	2.73124E-3	2.74467E-3	2.81374E-3	2.86190E-3	2.91604E-3	2.96264E-3	3.03137E-3	3.09009E-3	3.17621E-3	3.24063E-3	3.31681E-3	3.40412E-3	3.50599E-3	3.60430E-3	3.71146E-3	3.80684E-3	3.96266E-3	4.11090E-3	4.20643E-3	4.33815E-3	4.49997E-3	4.63478E-3	4.82892E-3	4.98653E-3	5.20861E-3	5.42558E-3	5.62060E-3	5.86178E-3	6.07781E-3	6.35372E-3	6.61691E-3	6.91751E-3	7.25220E-3	7.71966E-3	8.13056E-3	8.46500E-3	8.86396E-3	9.27944E-3	9.68175E-3	1.00408E-2	1.01314E-2	1.01703E-2	1.01863E-2	1.01430E-2	1.00707E-2	9.90133E-3	9.74660E-3	9.55074E-3	9.27262E-3	9.00042E-3	8.67683E-3	8.34797E-3	8.01793E-3	7.74333E-3	7.45004E-3	7.13373E-3	6.83049E-3	6.53817E-3	6.29637E-3	6.01938E-3	5.75756E-3	5.50893E-3	5.32013E-3	5.08849E-3	4.88286E-3	4.68612E-3	4.53494E-3	4.37497E-3	4.19312E-3	4.06729E-3	3.94981E-3	3.81825E-3	3.68119E-3	3.57308E-3	3.44934E-3	3.35381E-3	3.24281E-3	3.15899E-3	3.04992E-3	3.02033E-3	2.93985E-3	2.87095E-3	2.80077E-3	2.71983E-3	2.68162E-3	2.60657E-3	2.55411E-3	2.51174E-3	2.45155E-3	2.43496E-3	2.37653E-3	2.32018E-3	2.30750E-3	2.26057E-3	2.23380E-3	2.17488E-3
2.65743E-3	2.65210E-3	2.69517E-3	2.70160E-3	2.73061E-3	2.79441E-3	2.82120E-3	2.89201E-3	2.92467E-3	3.00155E-3	3.07799E-3	3.11915E-3	3.19681E-3	3.26324E-3	3.34419E-3	3.44651E-3	3.52493E-3	3.66256E-3	3.77742E-3	3.85507E-3	4.01128E-3	4.11703E-3	4.24728E-3	4.39837E-3	4.56095E-3	4.69073E-3	4.85851E-3	5.05301E-3	5.25009E-3	5.43229E-3	5.64448E-3	5.86891E-3	6.10987E-3	6.38395E-3	6.67078E-3	6.98402E-3	7.29950E-3	7.61593E-3	8.05127E-3	8.48789E-3	8.95356E-3	9.36454E-3	9.78522E-3	1.01048E-2	1.01995E-2	1.02168E-2	1.02221E-2	1.01926E-2	1.01172E-2	9.97074E-3	9.75076E-3	9.56102E-3	9.37157E-3	9.05549E-3	8.67712E-3	8.35635E-3	8.06794E-3	7.77239E-3	7.46798E-3	7.12681E-3	6.82378E-3	6.54274E-3	6.28417E-3	6.02711E-3	5.79055E-3	5.49426E-3	5.32775E-3	5.09114E-3	4.86016E-3	4.67204E-3	4.51526E-3	4.33535E-3	4.20456E-3	4.06840E-3	3.90717E-3	3.80174E-3	3.67366E-3	3.57667E-3	3.45320E-3	3.35370E-3	3.28125E-3	3.16793E-3	3.07820E-3	2.99768E-3	2.94605E-3	2.87066E-3	2.79814E-3	2.72754E-3	2.66397E-3	2.61469E-3	2.56664E-3	2.49256E-3	2.46719E-3	2.41661E-3	2.37205E-3	2.32384E-3	2.32380E-3	2.25221E-3	2.23184E-3	2.16724E-3
2.63828E-3	2.68602E-3	2.68704E-3	2.74463E-3	2.75759E-3	2.78094E-3	2.85411E-3	2.90440E-3	2.95151E-3	2.99459E-3	3.05342E-3	3.15903E-3	3.23316E-3	3.27806E-3	3.35809E-3	3.44073E-3	3.55636E-3	3.66397E-3	3.75053E-3	3.87556E-3	4.00023E-3	4.15267E-3	4.26896E-3	4.43173E-3	4.54954E-3	4.71866E-3	4.89857E-3	5.07647E-3	5.31756E-3	5.47453E-3	5.71290E-3	5.94258E-3	6.15309E-3	6.44864E-3	6.70078E-3	7.03521E-3	7.39240E-3	7.74429E-3	8.11506E-3	8.57277E-3	9.03108E-3	9.45410E-3	9.92692E-3	1.01549E-2	1.02076E-2	1.02498E-2	1.02684E-2	1.02092E-2	1.01334E-2	9.97589E-3	9.81648E-3	9.61636E-3	9.34517E-3	9.04655E-3	8.70125E-3	8.33473E-3	8.04867E-3	7.80390E-3	7.43095E-3	7.14027E-3	6.85200E-3	6.58074E-3	6.30180E-3	6.06037E-3	5.79648E-3	5.54748E-3	5.32988E-3	5.08988E-3	4.89577E-3	4.70385E-3	4.53969E-3	4.37182E-3	4.21715E-3	4.06859E-3	3.91514E-3	3.81071E-3	3.67732E-3	3.57209E-3	3.44327E-3	3.37382E-3	3.25934E-3	3.20933E-3	3.11508E-3	3.03817E-3	2.94481E-3	2.86506E-3	2.79997E-3	2.74183E-3	2.68401E-3	2.63370E-3	2.58571E-3	2.53329E-3	2.47987E-3	2.42481E-3	2.39790E-3	2.32398E-3	2.32353E-3	2.26889E-3	2.20501E-3	2.20444E-3
2.66360E-3	2.68588E-3	2.71051E-3	2.74514E-3	2.76882E-3	2.81362E-3	2.85409E-3	2.90652E-3	2.96457E-3	3.01777E-3	3.08980E-3	3.16377E-3	3.21974E-3	3.28432E-3	3.43538E-3	3.50356E-3	3.59474E-3	3.67688E-3	3.81414E-3	3.89850E-3	4.03136E-3	4.16200E-3	4.30702E-3	4.45163E-3	4.60629E-3	4.76815E-3	4.93833E-3	5.10846E-3	5.32936E-3	5.53173E-3	5.74772E-3	5.98468E-3	6.26522E-3	6.51169E-3	6.77461E-3	7.09875E-3	7.44228E-3	7.81450E-3	8.21584E-3	8.69500E-3	9.12683E-3	9.51268E-3	9.96948E-3	1.02482E-2	1.02946E-2	1.02946E-2	1.03021E-2	1.02677E-2	1.02079E-2	9.98946E-3	9.83158E-3	9.59209E-3	9.29894E-3	9.02101E-3	8.69623E-3	8.37291E-3	8.08415E-3	7.79269E-3	7.45957E-3	7.14796E-3	6.87417E-3	6.56559E-3	6.35106E-3	6.06462E-3	5.78343E-3	5.54525E-3	5.34560E-3	5.11454E-3	4.91705E-3	4.70681E-3	4.54051E-3	4.51269E-3	4.32977E-3	4.12654E-3	3.97089E-3	3.82914E-3	3.70480E-3	3.58549E-3	3.49501E-3	3.40541E-3	3.28766E-3	3.34592E-3	3.17766E-3	3.00557E-3	2.93402E-3	2.89325E-3	2.82434E-3	2.75433E-3	2.69484E-3	2.64370E-3	2.59369E-3	2.53353E-3	2.50397E-3	2.44240E-3	2.37913E-3	2.35807E-3	2.30888E-3	2.28362E-3	2.22039E-3	2.20547E-3
2.67991E-3	2.67675E-3	2.71522E-3	2.75179E-3	2.77218E-3	2.82144E-3	2.88273E-3	2.93293E-3	2.97706E-3	3.03484E-3	3.10293E-3	3.16536E-3	3.23952E-3	3.31654E-3	3.39994E-3	3.50885E-3	3.58408E-3	3.70802E-3	3.82878E-3	3.93228E-3	3.96381E-3	4.02820E-3	4.17419E-3	4.39836E-3	4.61640E-3	4.80315E-3	4.99409E-3	5.17565E-3	5.40103E-3	5.58974E-3	5.81295E-3	6.02795E-3	6.25749E-3	6.55923E-3	6.85395E-3	7.18072E-3	7.50075E-3	7.87795E-3	8.28133E-3	8.76566E-3	9.24575E-3	9.60827E-3	1.00279E-2	1.02576E-2	1.03356E-2	1.03159E-2	1.03447E-2	1.02846E-2	1.02030E-2	1.00289E-2	9.87671E-3	9.61511E-3	9.33355E-3	9.07379E-3	8.73838E-3	8.40584E-3	8.09777E-3	7.84342E-3	7.49901E-3	7.16745E-3	6.87403E-3	6.62198E-3	6.33417E-3	6.07333E-3	5.82030E-3	5.57012E-3	5.35723E-3	5.14741E-3	4.91266E-3	4.74419E-3	5.18638E-3	4.94700E-3	4.69070E-3	4.30725E-3	3.95336E-3	3.83388E-3	3.71364E-3	3.58755E-3	3.51006E-3	3.39374E-3	3.29979E-3	3.16634E-3	3.09240E-3	3.02350E-3	2.96519E-3	2.89188E-3	2.84372E-3	2.75923E-3	2.69114E-3	2.64377E-3	2.56757E-3	2.51181E-3	2.45444E-3	2.42113E-3	2.42157E-3	2.36073E-3	2.33480E-3	2.28520E-3	2.26558E-3	2.24971E-3
2.68454E-3	2.70023E-3	2.72470E-3	2.75799E-3	2.78402E-3	2.83467E-3	2.87353E-3	2.93638E-3	3.00948E-3	3.05583E-3	3.11269E-3	3.19903E-3	3.27629E-3	3.34719E-3	3.44512E-3	3.54037E-3	3.63022E-3	3.73327E-3	3.87678E-3	3.97078E-3	4.08275E-3	4.18964E-3	4.34575E-3	4.53054E-3	4.67400E-3	4.85931E-3	5.03777E-3	5.21958E-3	5.43121E-3	5.62985E-3	5.84671E-3	6.08444E-3	6.37663E-3	6.63560E-3	6.91110E-3	7.23844E-3	7.59805E-3	7.99266E-3	8.38926E-3	8.89480E-3	9.30275E-3	9.74451E-3	1.01192E-2	1.03692E-2	1.03606E-2	1.03883E-2	1.04149E-2	1.03272E-2	1.02258E-2	1.00692E-2	9.84722E-3	9.61773E-3	9.34112E-3	9.06134E-3	8.71682E-3	8.36718E-3	8.07954E-3	7.78494E-3	7.46704E-3	7.15071E-3	6.84425E-3	6.57130E-3	6.32989E-3	6.07120E-3	5.81647E-3	5.55966E-3	5.36434E-3	5.15098E-3	4.94023E-3	4.74043E-3	4.57721E-3	4.43750E-3	4.24197E-3	4.11956E-3	3.96192E-3	3.86251E-3	3.73691E-3	3.59860E-3	3.51385E-3	3.42698E-3	3.32858E-3	3.22123E-3	3.12119E-3	3.04351E-3	2.98426E-3	2.89521E-3	2.83130E-3	2.75586E-3	2.68962E-3	2.62145E-3	2.60504E-3	2.52932E-3	2.48924E-3	2.49104E-3	2.41570E-3	2.36689E-3	2.32829E-3	2.30272E-3	2.28443E-3	2.25268E-3
2.69905E-3	2.71234E-3	2.75222E-3	2.77997E-3	2.81786E-3	2.86553E-3	2.92141E-3	2.97052E-3	3.03864E-3	3.09585E-3	3.15248E-3	3.22347E-3	3.29479E-3	3.38072E-3	3.47572E-3	3.56158E-3	3.65271E-3	3.80122E-3	3.92526E-3	4.05995E-3	4.16493E-3	4.31076E-3	4.41699E-3	4.59025E-3	4.75840E-3	4.93301E-3	5.09595E-3	5.27747E-3	5.48788E-3	5.72400E-3	5.91659E-3	6.15658E-3	6.42254E-3	6.69491E-3	6.98994E-3	7.34596E-3	7.71100E-3	8.06565E-3	8.50277E-3	8.95400E-3	9.40676E-3	9.82690E-3	1.02199E-2	1.04302E-2	1.04437E-2	1.05108E-2	1.04936E-2	1.04003E-2	1.02924E-2	1.00772E-2	9.91369E-3	9.64409E-3	9.36637E-3	9.06260E-3	8.76058E-3	8.37943E-3	8.13828E-3	7.83625E-3	7.54075E-3	7.17145E-3	6.92558E-3	6.63059E-3	6.38572E-3	6.07724E-3	5.86193E-3	5.60094E-3	5.40934E-3	5.16731E-3	4.95373E-3	4.78799E-3	4.60744E-3	4.44607E-3	4.28915E-3	4.15215E-3	3.97789E-3	3.88763E-3	3.73826E-3	3.63609E-3	3.51460E-3	3.45499E-3	3.34230E-3	3.25123E-3	3.13785E-3	3.06516E-3	3.01776E-3	2.91815E-3	2.82568E-3	2.74648E-3	2.63209E-3	2.58493E-3	2.54553E-3	2.54332E-3	2.50628E-3	2.48840E-3	2.44374E-3	2.40750E-3	2.36938E-3	2.33700E-3	2.26725E-3	2.27003E-3
2.70751E-3	2.73143E-3	2.76160E-3	2.79357E-3	2.82979E-3	2.86614E-3	2.92521E-3	2.98494E-3	3.02924E-3	3.08973E-3	3.18460E-3	3.24124E-3	3.32345E-3	3.41629E-3	3.49007E-3	3.59752E-3	3.72165E-3	3.81581E-3	3.94844E-3	4.10429E-3	4.17063E-3	4.32305E-3	4.44146E-3	4.61097E-3	4.78174E-3	4.94673E-3	5.13128E-3	5.30441E-3	5.52617E-3	5.74994E-3	5.97202E-3	6.19934E-3	6.52477E-3	6.77128E-3	7.07136E-3	7.36872E-3	7.76362E-3	8.14998E-3	8.55808E-3	9.05135E-3	9.48548E-3	9.92055E-3	1.02661E-2	1.04587E-2	1.04762E-2	1.04891E-2	1.04895E-2	1.04001E-2	1.02851E-2	1.01038E-2	9.88152E-3	9.63790E-3	9.33737E-3	9.06620E-3	8.74037E-3	8.39219E-3	8.10943E-3	7.81434E-3	7.49181E-3	7.13984E-3	6.88225E-3	6.60507E-3	6.35556E-3	6.07668E-3	5.85436E-3	5.58596E-3	5.39671E-3	5.18375E-3	4.94467E-3	4.77722E-3	4.60101E-3	4.40017E-3	4.31219E-3	4.15008E-3	3.99833E-3	3.86029E-3	3.76975E-3	3.63840E-3	3.51405E-3	3.44042E-3	3.36175E-3	3.26974E-3	3.17366E-3	3.08328E-3	3.00555E-3	2.92093E-3	2.82779E-3	2.74414E-3	2.67303E-3	2.58420E-3	2.53898E-3	2.50788E-3	2.51309E-3	2.50172E-3	2.45255E-3	2.40195E-3	2.37343E-3	2.34009E-3	2.28075E-3	2.25597E-3
2.71594E-3	2.72845E-3	2.76993E-3	2.81469E-3	2.83005E-3	2.88233E-3	2.95162E-3	2.98628E-3	3.05664E-3	3.13378E-3	3.20186E-3	3.25929E-3	3.34391E-3	3.44099E-3	3.53757E-3	3.60814E-3	3.70062E-3	3.84319E-3	3.98659E-3	4.08986E-3	4.20950E-3	4.34408E-3	4.48238E-3	4.63082E-3	4.80124E-3	4.96146E-3	5.13581E-3	5.34892E-3	5.56029E-3	5.76596E-3	6.00105E-3	6.22856E-3	6.50077E-3	6.80087E-3	7.10956E-3	7.45142E-3	7.82255E-3	8.21041E-3	8.60544E-3	9.08666E-3	9.50309E-3	9.91240E-3	1.02763E-2	1.05150E-2	1.05143E-2	1.04737E-2	1.04806E-2	1.03945E-2	1.02425E-2	1.00774E-2	9.86755E-3	9.61732E-3	9.33316E-3	9.03475E-3	8.67254E-3	8.38590E-3	8.08375E-3	7.79416E-3	7.49350E-3	7.16639E-3	6.87090E-3	6.61199E-3	6.33696E-3	6.08064E-3	5.82686E-3	5.55531E-3	5.37455E-3	5.14067E-3	4.98070E-3	4.79365E-3	4.58855E-3	4.43648E-3	4.29882E-3	4.12014E-3	4.00907E-3	3.89556E-3	3.74230E-3	3.66466E-3	3.53191E-3	3.44611E-3	3.33271E-3	3.25261E-3	3.16532E-3	3.10116E-3	2.99946E-3	2.94144E-3	2.84893E-3	2.76339E-3	2.65869E-3	2.63518E-3	2.60070E-3	2.57835E-3	2.52316E-3	2.48410E-3	2.44470E-3	2.41133E-3	2.37423E-3	2.32663E-3	2.29019E-3	2.25702E-3
2.70328E-3	2.71626E-3	2.77874E-3	2.79868E-3	2.83852E-3	2.89179E-3	2.95914E-3	3.01168E-3	3.07569E-3	3.14843E-3	3.20828E-3	3.27668E-3	3.38413E-3	3.45043E-3	3.54318E-3	3.62512E-3	3.73083E-3	3.86801E-3	3.96194E-3	4.10408E-3	4.24594E-3	4.38984E-3	4.49915E-3	4.67127E-3	4.79554E-3	4.97899E-3	5.19804E-3	5.39671E-3	5.60601E-3	5.81256E-3	6.03984E-3	6.28568E-3	6.55188E-3	6.85167E-3	7.13854E-3	7.48311E-3	7.85797E-3	8.27971E-3	8.72965E-3	9.21438E-3	9.62065E-3	1.00260E-2	1.03831E-2	1.05215E-2	1.05017E-2	1.05233E-2	1.05008E-2	1.04459E-2	1.02903E-2	1.01103E-2	9.87804E-3	9.63901E-3	9.37121E-3	9.03987E-3	8.69613E-3	8.40707E-3	8.11930E-3	7.79101E-3	7.49967E-3	7.18685E-3	6.87477E-3	6.64104E-3	6.33814E-3	6.10743E-3	5.87540E-3	5.60437E-3	5.38732E-3	5.16755E-3	4.97715E-3	4.79184E-3	4.62225E-3	4.44296E-3	4.29242E-3	4.14098E-3	4.01779E-3	3.87250E-3	3.79161E-3	3.66238E-3	3.55093E-3	3.46848E-3	3.34537E-3	3.24867E-3	3.15654E-3	3.08384E-3	3.04099E-3	2.96264E-3	2.87231E-3	2.79697E-3	2.74334E-3	2.69944E-3	2.59945E-3	2.56090E-3	2.53756E-3	2.48844E-3	2.43210E-3	2.42370E-3	2.37681E-3	2.32854E-3	2.32563E-3	2.27814E-3
2.76072E-3	2.77063E-3	2.78915E-3	2.82080E-3	2.88380E-3	2.93704E-3	2.98074E-3	3.01724E-3	3.11000E-3	3.21349E-3	3.25048E-3	3.29804E-3	3.39793E-3	3.48099E-3	3.59008E-3	3.67429E-3	3.76825E-3	3.90841E-3	3.99926E-3	4.13073E-3	4.27461E-3	4.42010E-3	4.55671E-3	4.71105E-3	4.86609E-3	5.04454E-3	5.21626E-3	5.46268E-3	5.66670E-3	5.87513E-3	6.11758E-3	6.35856E-3	6.59988E-3	6.94046E-3	7.24983E-3	7.56314E-3	7.96022E-3	8.34081E-3	8.76613E-3	9.30619E-3	9.68452E-3	1.00992E-2	1.04195E-2	1.05784E-2	1.05587E-2	1.05178E-2	1.05242E-2	1.04487E-2	1.02938E-2	1.00961E-2	9.87680E-3	9.59829E-3	9.32374E-3	9.01840E-3	8.67102E-3	8.39557E-3	8.09292E-3	7.77624E-3	7.46211E-3	7.16450E-3	6.86807E-3	6.61519E-3	6.34200E-3	6.07810E-3	5.82381E-3	5.57624E-3	5.37332E-3	5.16932E-3	4.96581E-3	4.76078E-3	4.60058E-3	4.43985E-3	4.29875E-3	4.16951E-3	4.02202E-3	3.86201E-3	3.76890E-3	3.65048E-3	3.56235E-3	3.45912E-3	3.36204E-3	3.25065E-3	3.17290E-3	3.09934E-3	3.00955E-3	2.91852E-3	2.87905E-3	2.80258E-3	2.74317E-3	2.69579E-3	2.63922E-3	2.58307E-3	2.54332E-3	2.50530E-3	2.46508E-3	2.42983E-3	2.36748E-3	2.33552E-3	2.29118E-3	2.27618E-3
2.74725E-3	2.75890E-3	2.79452E-3	2.84758E-3	2.88560E-3	2.91421E-3	3.00769E-3	3.06035E-3	3.12092E-3	3.21083E-3	3.26800E-3	3.34497E-3	3.41652E-3	3.51241E-3	3.59211E-3	3.68446E-3	3.79405E-3	3.91576E-3	4.03918E-3	4.15552E-3	4.31961E-3	4.46861E-3	4.57626E-3	4.75044E-3	4.88534E-3	5.00312E-3	5.26588E-3	5.49918E-3	5.70007E-3	5.92586E-3	6.14115E-3	6.37912E-3	6.68588E-3	6.97903E-3	7.26709E-3	7.62780E-3	7.98445E-3	8.38702E-3	8.84922E-3	9.28874E-3	9.73719E-3	1.01719E-2	1.05025E-2	1.05874E-2	1.05346E-2	1.05250E-2	1.05290E-2	1.04225E-2	1.02592E-2	1.01023E-2	9.87129E-3	9.58541E-3	9.28862E-3	8.97619E-3	8.64830E-3	8.41750E-3	8.09571E-3	7.78219E-3	7.44471E-3	7.12079E-3	6.83682E-3	6.58592E-3	6.32382E-3	6.05478E-3	5.81488E-3	5.55447E-3	5.37151E-3	5.15994E-3	4.95025E-3	4.77577E-3	4.61367E-3	4.44604E-3	4.29948E-3	4.14400E-3	4.01569E-3	3.87887E-3	3.78250E-3	3.65565E-3	3.54336E-3	3.44398E-3	3.35444E-3	3.26581E-3	3.16800E-3	3.10707E-3	3.02985E-3	2.95218E-3	2.87671E-3	2.81256E-3	2.75706E-3	2.69728E-3	2.66035E-3	2.60248E-3	2.53206E-3	2.51021E-3	2.46378E-3	2.42245E-3	2.37721E-3	2.34280E-3	2.31851E-3	2.28621E-3
2.76120E-3	2.76937E-3	2.79719E-3	2.85377E-3	2.88651E-3	2.96376E-3	3.01040E-3	3.05874E-3	3.13265E-3	3.20075E-3	3.27042E-3	3.35087E-3	3.41688E-3	3.50380E-3	3.61844E-3	3.71723E-3	3.80964E-3	3.94095E-3	4.06074E-3	4.17801E-3	4.31669E-3	4.47352E-3	4.57366E-3	4.75425E-3	4.91528E-3	5.09884E-3	5.29208E-3	5.48423E-3	5.74907E-3	5.96917E-3	6.19036E-3	6.45741E-3	6.72523E-3	7.03544E-3	7.34529E-3	7.68017E-3	8.05209E-3	8.45110E-3	8.94726E-3	9.38541E-3	9.82549E-3	1.02389E-2	1.05630E-2	1.06102E-2	1.05934E-2	1.05962E-2	1.05618E-2	1.04617E-2	1.03032E-2	1.01412E-2	9.92338E-3	9.62443E-3	9.31984E-3	9.04204E-3	8.66205E-3	8.40402E-3	8.08256E-3	7.77728E-3	7.45535E-3	7.17303E-3	6.86374E-3	6.58779E-3	6.33141E-3	6.09916E-3	5.82430E-3	5.60258E-3	5.37245E-3	5.19038E-3	4.96683E-3	4.79028E-3	4.62934E-3	4.45701E-3	4.29116E-3	4.15933E-3	3.99363E-3	3.89092E-3	3.78497E-3	3.68574E-3	3.57032E-3	3.47445E-3	3.37888E-3	3.26385E-3	3.18690E-3	3.11933E-3	3.04009E-3	2.96820E-3	2.89763E-3	2.83685E-3	2.76575E-3	2.75620E-3	2.64824E-3	2.61144E-3	2.55005E-3	2.50864E-3	2.48641E-3	2.43598E-3	2.41459E-3	2.36399E-3	2.33288E-3	2.27121E-3
2.75272E-3	2.83319E-3	2.82170E-3	2.86169E-3	2.90857E-3	3.02162E-3	3.03378E-3	3.06933E-3	3.12996E-3	3.22824E-3	3.30377E-3	3.37013E-3	3.47443E-3	3.55162E-3	3.64478E-3	3.74691E-3	3.84683E-3	3.96433E-3	4.09923E-3	4.22380E-3	4.35051E-3	4.51121E-3	4.65884E-3	4.83410E-3	4.99237E-3	5.14023E-3	5.34750E-3	5.55028E-3	5.76837E-3	6.01629E-3	6.27151E-3	6.55093E-3	6.79782E-3	7.09393E-3	7.40316E-3	7.75897E-3	8.11774E-3	8.53691E-3	9.05707E-3	9.50431E-3	9.90135E-3	1.03166E-2	1.06028E-2	1.06409E-2	1.06160E-2	1.05946E-2	1.05988E-2	1.04874E-2	1.09880E-2	1.40088E-2	1.44274E-2	1.05933E-2	9.44472E-3	9.03443E-3	8.69123E-3	8.40371E-3	8.09298E-3	7.77971E-3	7.45141E-3	7.13844E-3	6.86405E-3	6.61967E-3	6.36492E-3	6.06402E-3	5.84437E-3	5.61165E-3	5.40177E-3	5.16052E-3	4.95193E-3	4.86770E-3	4.62788E-3	4.47397E-3	4.32595E-3	4.15772E-3	4.03929E-3	3.91344E-3	3.79523E-3	3.66952E-3	3.57476E-3	3.50059E-3	3.37141E-3	3.28230E-3	3.20864E-3	3.13368E-3	3.04010E-3	2.97254E-3	2.90788E-3	2.83101E-3	2.81595E-3	2.74154E-3	2.65611E-3	2.63340E-3	2.59591E-3	2.52631E-3	2.49192E-3	2.44359E-3	2.41165E-3	2.38570E-3	2.35299E-3	2.30490E-3
2.78402E-3	2.81266E-3	2.85167E-3	2.89707E-3	2.91839E-3	2.96390E-3	3.02323E-3	3.07808E-3	3.16004E-3	3.25246E-3	3.32923E-3	3.42375E-3	3.46911E-3	3.57559E-3	3.67728E-3	3.78821E-3	3.88530E-3	4.01091E-3	4.12040E-3	4.25373E-3	4.38517E-3	4.53512E-3	4.66822E-3	4.85944E-3	4.99438E-3	5.20343E-3	5.40028E-3	5.60694E-3	5.85062E-3	6.05085E-3	6.33050E-3	6.55207E-3	6.82801E-3	7.15921E-3	7.45160E-3	7.86179E-3	8.18883E-3	8.64843E-3	9.11726E-3	9.55193E-3	9.96810E-3	1.03629E-2	1.06887E-2	1.07228E-2	1.06532E-2	1.06365E-2	1.05844E-2	1.04700E-2	1.03532E-2	1.02570E-2	1.00112E-2	9.66514E-3	9.31480E-3	8.97919E-3	8.65960E-3	8.37220E-3	8.08060E-3	7.80823E-3	7.44879E-3	7.14638E-3	6.84097E-3	6.58465E-3	6.26940E-3	6.08726E-3	5.84314E-3	5.58996E-3	5.34366E-3	5.17108E-3	4.96804E-3	4.76628E-3	4.61195E-3	4.44839E-3	4.29796E-3	4.14705E-3	4.02886E-3	3.91423E-3	3.78350E-3	3.68167E-3	3.61804E-3	3.49011E-3	3.35904E-3	3.29551E-3	3.19165E-3	3.11841E-3	3.03924E-3	2.97620E-3	2.90965E-3	2.84238E-3	2.78712E-3	2.73741E-3	2.69624E-3	2.62827E-3	2.56834E-3	2.51391E-3	2.48639E-3	2.46290E-3	2.39031E-3	2.38214E-3	2.32544E-3	2.28785E-3
2.78013E-3	2.81479E-3	2.84578E-3	2.89954E-3	2.94801E-3	2.97478E-3	3.04293E-3	3.09447E-3	3.17892E-3	3.23925E-3	3.32056E-3	3.39201E-3	3.49864E-3	3.58840E-3	3.68626E-3	3.77401E-3	3.88415E-3	4.00498E-3	4.12275E-3	4.25259E-3	4.40919E-3	4.53527E-3	4.68111E-3	4.83944E-3	5.01531E-3	5.20644E-3	5.39323E-3	5.63778E-3	5.88640E-3	6.12487E-3	6.34155E-3	6.58818E-3	6.87287E-3	7.17211E-3	7.50479E-3	7.81090E-3	8.21557E-3	8.73795E-3	9.13754E-3	9.56488E-3	1.00042E-2	1.03586E-2	1.05897E-2	1.06405E-2	1.06405E-2	1.05992E-2	1.06746E-2	1.05015E-2	1.02682E-2	1.00802E-2	9.87077E-3	9.53225E-3	9.26585E-3	8.93533E-3	8.62187E-3	8.33299E-3	8.00740E-3	7.70272E-3	7.39993E-3	7.09481E-3	6.81560E-3	6.57412E-3	6.31089E-3	6.04593E-3	5.81089E-3	5.56013E-3	5.35669E-3	5.13945E-3	4.95979E-3	4.74934E-3	4.58993E-3	4.42140E-3	4.29803E-3	4.14172E-3	4.01835E-3	3.89642E-3	3.77227E-3	3.66696E-3	3.58204E-3	3.47878E-3	3.34358E-3	3.26988E-3	3.19589E-3	3.14005E-3	3.03896E-3	2.95855E-3	2.91381E-3	2.83670E-3	2.77231E-3	2.71113E-3	2.68587E-3	2.60592E-3	2.57241E-3	2.51260E-3	2.48663E-3	2.44306E-3	2.39540E-3	2.36336E-3	2.33433E-3	2.31375E-3
2.78829E-3	2.81505E-3	2.85206E-3	2.88619E-3	2.93847E-3	2.98784E-3	3.04191E-3	3.10478E-3	3.16550E-3	3.23905E-3	3.31774E-3	3.43742E-3	3.50079E-3	3.61620E-3	3.69247E-3	3.79877E-3	3.91800E-3	4.03879E-3	4.19297E-3	4.30310E-3	4.42290E-3	4.59077E-3	4.73527E-3	4.87380E-3	5.05370E-3	5.25350E-3	5.44592E-3	5.65989E-3	5.89046E-3	6.13393E-3	6.37814E-3	6.62445E-3	6.89527E-3	7.21798E-3	7.55746E-3	7.91964E-3	8.30619E-3	8.72302E-3	9.20068E-3	9.64892E-3	1.00310E-2	1.04359E-2	1.07178E-2	1.06828E-2	1.06571E-2	1.06445E-2	1.05840E-2	1.04331E-2	1.02946E-2	1.00804E-2	9.85786E-3	9.54783E-3	9.24587E-3	8.92368E-3	8.59292E-3	8.32907E-3	8.02139E-3	7.70380E-3	7.39154E-3	7.07519E-3	6.81139E-3	6.55944E-3	6.29972E-3	6.03871E-3	5.80927E-3	5.53757E-3	5.35679E-3	5.13949E-3	4.93620E-3	4.75815E-3	4.58870E-3	4.44489E-3	4.29855E-3	4.16637E-3	4.01731E-3	3.91931E-3	3.79356E-3	3.68340E-3	3.60195E-3	3.47490E-3	3.36193E-3	3.29704E-3	3.24706E-3	3.14136E-3	3.06293E-3	2.97524E-3	2.91315E-3	2.83553E-3	2.77031E-3	2.71692E-3	2.66301E-3	2.62846E-3	2.60856E-3	2.54048E-3	2.48560E-3	2.45645E-3	2.40240E-3	2.38150E-3	2.35010E-3	2.31448E-3
2.80314E-3	2.83790E-3	2.86195E-3	2.92134E-3	2.97081E-3	3.02813E-3	3.03866E-3	3.14681E-3	3.20411E-3	3.26828E-3	3.33869E-3	3.43618E-3	3.53156E-3	3.61520E-3	3.72204E-3	3.80596E-3	3.90027E-3	4.06342E-3	4.17625E-3	4.30205E-3	4.42383E-3	4.61693E-3	4.75536E-3	4.89116E-3	5.09318E-3	5.28711E-3	5.46733E-3	5.70726E-3	5.90996E-3	6.15329E-3	6.40356E-3	6.66367E-3	6.95943E-3	7.24365E-3	7.59752E-3	7.94683E-3	8.37327E-3	8.83126E-3	9.23820E-3	9.64821E-3	1.00944E-2	1.04708E-2	1.06842E-2	1.06978E-2	1.06676E-2	1.06324E-2	1.05881E-2	1.04368E-2	1.02799E-2	1.00198E-2	9.82538E-3	9.51977E-3	9.20941E-3	8.89446E-3	8.59583E-3	8.30742E-3	7.94865E-3	7.66420E-3	7.41747E-3	7.06172E-3	6.78143E-3	6.57256E-3	6.29426E-3	6.04882E-3	5.77200E-3	5.54409E-3	5.35361E-3	5.10383E-3	4.93207E-3	4.75531E-3	4.58417E-3	4.42739E-3	4.29704E-3	4.13925E-3	4.01661E-3	3.91454E-3	3.78602E-3	3.68707E-3	3.57190E-3	3.48293E-3	3.38895E-3	3.30030E-3	3.16991E-3	3.12838E-3	3.05633E-3	2.95511E-3	2.90228E-3	2.87544E-3	2.76802E-3	2.72100E-3	2.67356E-3	2.61416E-3	2.58339E-3	2.57084E-3	2.49040E-3	2.46518E-3	2.39964E-3	2.40555E-3	2.36163E-3	2.31232E-3
2.81134E-3	2.83842E-3	2.86532E-3	2.90105E-3	2.97144E-3	3.01650E-3	3.07471E-3	3.15284E-3	3.17064E-3	3.30313E-3	3.38232E-3	3.43963E-3	3.54493E-3	3.60896E-3	3.72358E-3	3.81664E-3	3.92302E-3	4.08878E-3	4.18534E-3	4.31174E-3	4.46965E-3	4.62081E-3	4.77914E-3	4.95565E-3	5.11504E-3	5.35656E-3	5.54355E-3	5.76087E-3	5.98864E-3	6.22113E-3	6.45452E-3	6.72298E-3	7.02317E-3	7.34642E-3	7.67713E-3	8.01791E-3	8.40955E-3	8.85332E-3	9.30837E-3	9.72788E-3	1.01533E-2	1.05165E-2	1.07561E-2	1.06728E-2	1.06784E-2	1.06453E-2	1.05901E-2	1.03936E-2	1.02310E-2	1.00185E-2	9.74650E-3	9.49321E-3	9.16882E-3	8.86999E-3	8.57996E-3	8.28205E-3	7.96611E-3	7.67179E-3	7.39158E-3	7.05678E-3	6.78701E-3	6.53870E-3	6.28308E-3	6.01239E-3	5.78211E-3	5.53151E-3	5.34633E-3	5.11689E-3	4.90431E-3	4.74438E-3	4.58827E-3	4.43958E-3	4.29999E-3	4.16359E-3	4.02297E-3	3.89112E-3	3.77116E-3	3.68852E-3	3.60073E-3	3.49501E-3	3.39513E-3	3.28443E-3	3.19531E-3	3.15719E-3	3.07644E-3	3.00478E-3	2.92769E-3	2.87475E-3	2.80691E-3	2.74710E-3	2.70628E-3	2.64674E-3	2.55816E-3	2.54975E-3	2.53656E-3	2.45920E-3	2.39592E-3	2.39996E-3	2.34182E-3	2.33006E-3
2.82140E-3	2.85148E-3	2.85515E-3	2.92014E-3	2.96261E-3	3.02468E-3	3.08311E-3	3.17106E-3	3.23246E-3	3.29815E-3	3.37345E-3	3.45745E-3	3.52514E-3	3.65475E-3	3.74861E-3	3.84333E-3	3.95511E-3	4.10252E-3	4.23249E-3	4.37206E-3	4.50498E-3	4.63458E-3	4.81916E-3	4.96329E-3	5.13639E-3	5.32352E-3	5.55277E-3	5.77952E-3	6.01724E-3	6.24246E-3	6.49558E-3	6.76411E-3	7.05307E-3	7.36344E-3	7.68791E-3	8.04473E-3	8.44646E-3	8.93513E-3	9.36599E-3	9.81522E-3	1.02172E-2	1.05626E-2	1.07518E-2	1.07179E-2	1.06938E-2	1.06236E-2	1.05895E-2	1.04474E-2	1.02502E-2	1.00066E-2	9.73987E-3	9.45292E-3	9.14859E-3	8.82574E-3	8.54043E-3	8.28375E-3	7.95425E-3	7.64530E-3	7.32908E-3	7.02774E-3	6.76439E-3	6.52573E-3	6.25612E-3	6.00456E-3	5.75722E-3	5.53464E-3	5.31033E-3	5.09943E-3	4.91680E-3	4.73390E-3	4.63372E-3	4.43988E-3	4.25825E-3	4.15442E-3	4.01400E-3	3.89018E-3	3.78421E-3	3.68169E-3	3.55066E-3	3.48764E-3	3.39335E-3	3.27180E-3	3.20617E-3	3.14039E-3	3.06240E-3	2.99152E-3	2.92553E-3	2.84451E-3	2.80001E-3	2.77109E-3	2.69504E-3	2.63669E-3	2.57429E-3	2.55123E-3	2.51135E-3	2.48789E-3	2.42991E-3	2.39979E-3	2.36034E-3	2.32412E-3
2.80954E-3	2.83530E-3	2.87034E-3	2.90088E-3	2.98512E-3	3.04483E-3	3.09577E-3	3.17138E-3	3.22945E-3	3.32132E-3	3.38765E-3	3.46957E-3	3.57413E-3	3.66797E-3	3.76403E-3	3.85230E-3	3.99257E-3	4.10991E-3	4.24251E-3	4.37176E-3	4.52420E-3	4.67944E-3	4.79286E-3	4.99129E-3	5.19498E-3	5.37848E-3	5.61426E-3	5.81117E-3	6.03977E-3	6.27577E-3	6.51908E-3	6.80032E-3	7.09577E-3	7.40465E-3	7.75516E-3	8.10121E-3	8.54234E-3	9.03605E-3	9.50623E-3	9.87825E-3	1.02740E-2	1.06141E-2	1.07679E-2	1.07021E-2	1.06408E-2	1.06359E-2	1.05666E-2	1.03955E-2	1.02372E-2	9.98779E-3	9.73156E-3	9.49562E-3	9.15213E-3	8.80377E-3	8.53585E-3	8.24002E-3	7.95613E-3	7.60409E-3	7.31050E-3	7.01333E-3	6.75242E-3	6.49401E-3	6.21954E-3	5.96693E-3	5.77264E-3	5.53483E-3	5.29669E-3	5.09038E-3	4.90413E-3	4.73769E-3	4.56969E-3	4.42718E-3	4.28761E-3	4.13568E-3	4.01952E-3	3.88867E-3	3.78149E-3	3.68584E-3	3.56538E-3	3.45680E-3	3.37803E-3	3.28438E-3	3.21632E-3	3.12407E-3	3.07386E-3	2.98769E-3	2.94190E-3	2.84417E-3	2.82438E-3	2.76978E-3	2.69092E-3	2.66007E-3	2.60792E-3	2.55865E-3	2.50274E-3	2.48128E-3	2.44553E-3	2.39812E-3	2.38214E-3	2.33902E-3
2.82544E-3	2.85674E-3	2.87125E-3	2.93512E-3	2.98292E-3	3.03793E-3	3.10416E-3	3.15687E-3	3.23120E-3	3.29508E-3	3.37390E-3	3.47604E-3	3.56118E-3	3.65850E-3	3.74719E-3	3.86872E-3	3.98441E-3	4.12458E-3	4.25029E-3	4.40821E-3	4.50891E-3	4.65828E-3	4.83517E-3	5.01344E-3	5.18753E-3	5.36498E-3	5.59058E-3	5.81946E-3	6.03550E-3	6.28748E-3	6.55184E-3	6.82390E-3	7.11534E-3	7.46198E-3	7.76897E-3	8.12110E-3	8.57882E-3	9.01331E-3	9.48861E-3	9.89471E-3	1.03063E-2	1.06238E-2	1.07842E-2	1.07431E-2	1.07036E-2	1.06335E-2	1.05541E-2	1.03576E-2	1.02024E-2	9.98115E-3	9.71139E-3	9.43433E-3	9.09671E-3	8.77893E-3	8.48264E-3	8.20420E-3	7.88245E-3	7.59618E-3	7.28015E-3	6.99456E-3	6.73141E-3	6.48084E-3	6.21077E-3	5.96205E-3	5.71408E-3	5.49122E-3	5.29715E-3	5.08547E-3	4.89641E-3	4.72325E-3	4.59668E-3	4.40306E-3	4.28087E-3	4.13783E-3	4.00311E-3	3.88535E-3	3.76764E-3	3.67742E-3	3.56183E-3	3.47971E-3	3.37812E-3	3.30985E-3	3.20733E-3	3.12959E-3	3.07897E-3	3.01886E-3	2.91625E-3	2.87423E-3	2.80825E-3	2.76052E-3	2.67987E-3	2.66406E-3	2.60398E-3	2.55785E-3	2.53194E-3	2.48693E-3	2.43675E-3	2.42239E-3	2.38179E-3	2.34487E-3
2.80466E-3	2.86287E-3	2.88998E-3	2.94124E-3	2.98911E-3	3.05475E-3	3.10001E-3	3.16950E-3	3.23475E-3	3.31589E-3	3.40389E-3	3.49439E-3	3.57743E-3	3.67272E-3	3.79180E-3	3.89641E-3	3.99995E-3	4.13540E-3	4.27360E-3	4.39177E-3	4.54313E-3	4.69413E-3	4.87103E-3	5.04029E-3	5.21521E-3	5.40037E-3	5.63130E-3	5.86382E-3	6.10762E-3	6.37134E-3	6.61721E-3	6.89979E-3	7.16081E-3	7.50173E-3	7.85393E-3	8.18229E-3	8.62013E-3	9.12155E-3	9.55681E-3	9.97187E-3	1.03877E-2	1.06627E-2	1.08174E-2	1.06897E-2	1.06895E-2	1.06153E-2	1.05330E-2	1.03494E-2	1.01717E-2	9.92402E-3	9.63468E-3	9.35752E-3	9.05323E-3	8.75888E-3	8.48738E-3	8.18892E-3	7.91687E-3	7.57751E-3	7.26603E-3	6.95917E-3	6.70958E-3	6.44147E-3	6.21690E-3	5.96442E-3	5.72395E-3	5.48675E-3	5.28905E-3	5.08448E-3	4.89671E-3	4.72896E-3	4.57333E-3	4.40094E-3	4.24792E-3	4.15674E-3	3.98720E-3	3.87484E-3	3.79112E-3	3.67409E-3	3.54858E-3	3.48760E-3	3.36382E-3	3.29719E-3	3.21093E-3	3.13924E-3	3.07179E-3	3.00551E-3	2.91809E-3	2.86747E-3	2.81260E-3	2.75777E-3	2.72418E-3	2.66903E-3	2.61620E-3	2.56418E-3	2.51073E-3	2.47643E-3	2.40525E-3	2.41507E-3	2.36465E-3	2.34428E-3
2.85233E-3	2.87167E-3	2.89759E-3	2.97801E-3	3.00957E-3	3.05844E-3	3.11553E-3	3.18767E-3	3.26378E-3	3.31705E-3	3.42066E-3	3.49045E-3	3.58207E-3	3.70257E-3	3.80148E-3	3.91417E-3	4.02477E-3	4.15148E-3	4.28083E-3	4.41059E-3	4.56499E-3	4.76040E-3	4.93486E-3	5.16587E-3	5.28215E-3	5.42554E-3	5.66792E-3	5.87908E-3	6.12278E-3	6.39410E-3	6.66815E-3	6.94779E-3	7.25233E-3	7.59246E-3	7.89126E-3	8.26287E-3	8.69516E-3	9.16957E-3	9.63280E-3	1.00245E-2	1.04253E-2	1.07038E-2	1.08357E-2	1.07310E-2	1.06857E-2	1.06497E-2	1.05457E-2	1.03465E-2	1.01827E-2	9.92877E-3	9.64420E-3	9.37290E-3	9.04038E-3	8.79639E-3	8.49420E-3	8.18367E-3	7.85241E-3	7.58654E-3	7.24051E-3	6.91361E-3	6.68499E-3	6.45510E-3	6.18655E-3	5.93116E-3	5.70392E-3	5.46791E-3	5.28137E-3	5.09994E-3	4.89940E-3	4.71379E-3	4.56907E-3	4.43121E-3	4.25576E-3	4.12409E-3	4.01007E-3	3.88946E-3	3.77917E-3	3.67014E-3	3.53550E-3	3.47697E-3	3.38651E-3	3.27495E-3	3.19772E-3	3.11683E-3	3.07624E-3	3.01958E-3	2.93126E-3	2.89898E-3	2.83104E-3	2.78023E-3	2.70185E-3	2.66008E-3	2.60094E-3	2.55180E-3	2.52582E-3	2.48507E-3	2.45397E-3	2.41488E-3	2.37277E-3	2.34850E-3
2.85683E-3	2.87572E-3	2.91482E-3	2.94770E-3	3.01929E-3	3.07848E-3	3.13562E-3	3.19932E-3	3.28457E-3	3.35070E-3	3.43775E-3	3.51481E-3	3.61011E-3	3.72358E-3	3.80570E-3	3.90807E-3	4.04867E-3	4.16549E-3	4.30111E-3	4.45340E-3	4.59456E-3	4.76112E-3	4.92186E-3	5.06148E-3	5.29151E-3	5.47473E-3	5.70559E-3	5.93825E-3	6.15179E-3	6.42674E-3	6.70175E-3	6.98847E-3	7.28724E-3	7.60899E-3	7.94570E-3	8.36480E-3	8.79468E-3	9.23324E-3	9.67745E-3	1.01594E-2	1.05434E-2	1.07747E-2	1.08621E-2	1.07777E-2	1.07220E-2	1.06594E-2	1.05535E-2	1.03605E-2	1.01858E-2	9.92857E-3	9.62235E-3	9.36856E-3	9.05477E-3	8.73630E-3	8.43457E-3	8.15813E-3	7.83136E-3	7.55121E-3	7.23079E-3	6.95945E-3	6.71671E-3	6.44499E-3	6.15698E-3	5.89765E-3	5.66896E-3	5.41881E-3	5.28543E-3	5.08147E-3	4.86603E-3	4.70663E-3	4.56893E-3	4.41966E-3	4.26844E-3	4.12711E-3	3.99479E-3	3.90266E-3	3.80965E-3	3.68198E-3	3.59117E-3	3.48376E-3	3.39323E-3	3.30062E-3	3.23762E-3	3.12660E-3	3.08909E-3	3.01313E-3	2.93346E-3	2.87267E-3	2.84931E-3	2.78481E-3	2.71635E-3	2.66909E-3	2.61096E-3	2.57030E-3	2.55591E-3	2.50541E-3	2.46644E-3	2.43372E-3	2.39825E-3	2.35485E-3
2.85037E-3	2.88644E-3	2.90477E-3	2.96869E-3	3.04095E-3	3.07863E-3	3.14743E-3	3.20971E-3	3.27958E-3	3.36252E-3	3.43512E-3	3.53993E-3	3.64610E-3	3.73929E-3	3.84227E-3	3.93127E-3	4.05587E-3	4.20230E-3	4.36515E-3	4.50521E-3	4.61196E-3	4.79365E-3	4.93740E-3	5.13766E-3	5.33318E-3	5.55826E-3	5.76503E-3	5.99765E-3	6.24351E-3	6.48640E-3	6.75617E-3	7.06352E-3	7.35459E-3	7.70974E-3	8.01416E-3	8.42391E-3	8.88071E-3	9.33219E-3	9.76035E-3	1.02248E-2	1.06059E-2	1.08971E-2	1.08992E-2	1.07912E-2	1.07345E-2	1.06745E-2	1.05644E-2	1.03642E-2	1.01864E-2	9.94973E-3	9.63386E-3	9.35787E-3	9.03557E-3	8.74751E-3	8.45397E-3	8.12895E-3	7.82009E-3	7.53308E-3	7.23477E-3	6.93612E-3	6.67689E-3	6.42870E-3	6.15803E-3	5.90597E-3	5.68344E-3	5.45392E-3	5.25728E-3	5.05084E-3	4.85645E-3	4.69188E-3	4.55443E-3	4.40521E-3	4.27247E-3	4.14765E-3	4.02349E-3	3.89410E-3	3.79043E-3	3.65857E-3	3.57711E-3	3.46437E-3	3.39859E-3	3.30870E-3	3.23621E-3	3.14729E-3	3.10459E-3	2.99956E-3	2.95373E-3	2.89175E-3	2.85277E-3	2.78449E-3	2.73572E-3	2.71084E-3	2.61630E-3	2.58484E-3	2.54395E-3	2.50782E-3	2.46405E-3	2.44862E-3	2.39980E-3	2.36651E-3
2.88035E-3	2.89157E-3	2.92720E-3	2.97646E-3	3.03662E-3	3.09534E-3	3.13954E-3	3.20793E-3	3.30777E-3	3.37478E-3	3.45894E-3	3.58422E-3	3.64515E-3	3.75037E-3	3.84450E-3	3.95656E-3	4.09653E-3	4.23338E-3	4.38690E-3	4.51615E-3	4.64837E-3	4.82206E-3	4.96481E-3	5.15386E-3	5.36695E-3	5.54356E-3	5.78255E-3	6.03688E-3	6.29892E-3	6.49482E-3	6.81795E-3	7.10358E-3	7.51052E-3	7.73930E-3	8.09426E-3	8.45643E-3	8.93617E-3	9.42189E-3	9.81459E-3	1.02597E-2	1.06401E-2	1.08963E-2	1.09255E-2	1.08628E-2	1.08020E-2	1.06897E-2	1.05517E-2	1.03670E-2	1.01753E-2	9.91154E-3	9.62315E-3	9.35164E-3	9.00476E-3	8.78317E-3	8.47144E-3	8.13536E-3	7.79626E-3	7.51370E-3	7.18359E-3	6.92964E-3	6.65308E-3	6.40538E-3	6.13351E-3	5.88034E-3	5.63411E-3	5.38436E-3	5.22413E-3	5.02922E-3	4.84545E-3	4.69333E-3	4.55194E-3	4.39413E-3	4.25708E-3	4.13298E-3	3.99788E-3	3.91103E-3	3.77919E-3	3.67337E-3	3.57674E-3	3.49296E-3	3.39270E-3	3.30551E-3	3.23408E-3	3.14151E-3	3.09232E-3	3.01780E-3	2.94515E-3	2.89628E-3	2.83718E-3	2.77292E-3	2.72861E-3	2.68029E-3	2.65282E-3	2.59780E-3	2.54882E-3	2.50370E-3	2.49797E-3	2.45476E-3	2.41917E-3	2.35455E-3
2.86615E-3	2.88946E-3	2.93889E-3	2.98661E-3	3.04800E-3	3.09335E-3	3.17480E-3	3.22544E-3	3.33920E-3	3.39358E-3	3.47128E-3	3.59699E-3	3.66125E-3	3.75701E-3	3.84658E-3	3.95897E-3	4.10121E-3	4.23194E-3	4.36924E-3	4.49751E-3	4.65471E-3	4.84670E-3	4.99235E-3	5.19999E-3	5.39126E-3	5.60822E-3	5.83086E-3	6.08215E-3	6.30737E-3	6.55961E-3	6.86864E-3	7.13937E-3	7.47537E-3	7.81532E-3	8.15252E-3	8.57868E-3	8.99684E-3	9.46460E-3	9.86988E-3	1.03059E-2	1.06800E-2	1.09127E-2	1.08974E-2	1.08348E-2	1.08021E-2	1.07139E-2	1.05763E-2	1.03600E-2	1.01634E-2	9.88791E-3	9.65820E-3	9.38050E-3	9.11643E-3	8.71214E-3	8.46370E-3	8.08770E-3	7.76093E-3	7.45119E-3	7.16594E-3	6.87765E-3	6.61501E-3	6.38330E-3	6.06078E-3	5.78923E-3	5.67447E-3	5.32305E-3	5.10740E-3	4.96940E-3	4.79128E-3	4.66792E-3	4.52993E-3	4.35536E-3	4.24002E-3	4.10702E-3	3.99607E-3	3.88460E-3	3.80357E-3	3.65730E-3	3.56514E-3	3.47611E-3	3.38251E-3	3.31613E-3	3.22651E-3	3.14380E-3	3.08647E-3	3.02309E-3	2.93998E-3	2.87823E-3	2.83067E-3	2.78481E-3	2.72267E-3	2.68506E-3	2.64287E-3	2.60399E-3	2.55127E-3	2.51474E-3	2.48819E-3	2.45175E-3	2.42365E-3	2.36177E-3
2.88300E-3	2.90950E-3	2.95075E-3	3.01024E-3	3.06475E-3	3.11664E-3	3.18651E-3	3.22753E-3	3.32470E-3	3.39983E-3	3.49305E-3	3.59425E-3	3.66972E-3	3.79065E-3	3.88175E-3	4.00659E-3	4.12485E-3	4.25671E-3	4.42162E-3	4.56339E-3	4.70575E-3	4.86002E-3	5.02003E-3	5.22960E-3	5.41776E-3	5.64975E-3	5.86672E-3	6.11296E-3	6.36448E-3	6.59213E-3	6.87777E-3	7.16619E-3	7.49420E-3	7.81807E-3	8.20340E-3	8.62081E-3	9.06831E-3	9.55105E-3	9.92901E-3	1.03691E-2	1.07468E-2	1.09137E-2	1.09278E-2	1.08568E-2	1.07927E-2	1.06583E-2	1.05434E-2	1.03635E-2	1.01093E-2	9.83164E-3	9.52965E-3	9.26398E-3	8.93133E-3	8.72751E-3	8.42413E-3	8.08206E-3	7.71966E-3	7.43559E-3	7.15491E-3	6.85804E-3	6.56684E-3	6.30606E-3	5.99142E-3	5.95395E-3	5.66053E-3	5.24874E-3	5.03964E-3	4.85012E-3	4.77690E-3	4.63738E-3	4.51191E-3	4.37506E-3	4.25541E-3	4.08789E-3	3.99525E-3	3.87116E-3	3.73923E-3	3.65458E-3	3.57532E-3	3.48880E-3	3.40412E-3	3.31025E-3	3.22718E-3	3.16203E-3	3.10474E-3	3.02063E-3	2.97038E-3	2.87466E-3	2.85671E-3	2.78239E-3	2.73546E-3	2.69681E-3	2.63952E-3	2.60003E-3	2.56644E-3	2.51715E-3	2.50074E-3	2.44820E-3	2.41596E-3	2.37245E-3
2.88087E-3	2.91999E-3	2.95996E-3	3.00688E-3	3.07254E-3	3.11296E-3	3.17788E-3	3.25507E-3	3.32906E-3	3.39926E-3	3.50078E-3	3.63184E-3	3.69901E-3	3.77630E-3	3.90956E-3	4.02675E-3	4.10499E-3	4.27918E-3	4.42932E-3	4.56456E-3	4.72392E-3	4.86682E-3	5.06008E-3	5.24325E-3	5.42998E-3	5.67336E-3	5.90016E-3	6.13785E-3	6.40116E-3	6.62025E-3	6.93482E-3	7.22866E-3	7.53426E-3	7.88126E-3	8.22215E-3	8.64961E-3	9.17869E-3	9.59624E-3	1.00162E-2	1.04269E-2	1.07713E-2	1.09373E-2	1.09243E-2	1.08217E-2	1.07677E-2	1.06941E-2	1.04991E-2	1.03038E-2	1.00618E-2	9.80744E-3	9.53637E-3	9.21143E-3	8.91616E-3	8.64773E-3	8.34344E-3	8.00837E-3	7.69138E-3	7.39829E-3	7.12179E-3	6.83807E-3	6.52919E-3	6.51334E-3	6.20832E-3	6.01802E-3	5.51448E-3	5.25430E-3	4.98635E-3	4.78733E-3	4.68588E-3	4.56737E-3	4.46628E-3	4.34841E-3	4.21960E-3	4.07221E-3	3.95131E-3	3.85339E-3	3.73809E-3	3.66296E-3	3.55651E-3	3.47026E-3	3.38301E-3	3.28486E-3	3.23723E-3	3.12050E-3	3.10116E-3	3.02189E-3	2.95513E-3	2.90020E-3	2.84584E-3	2.77742E-3	2.74349E-3	2.69294E-3	2.62664E-3	2.59072E-3	2.57505E-3	2.52994E-3	2.49428E-3	2.45576E-3	2.42111E-3	2.37702E-3
2.89079E-3	2.91906E-3	2.96674E-3	3.01642E-3	3.08807E-3	3.13260E-3	3.18811E-3	3.28152E-3	3.33949E-3	3.43122E-3	3.49726E-3	3.60736E-3	3.71024E-3	3.80086E-3	3.91217E-3	4.01467E-3	4.15349E-3	4.28361E-3	4.43981E-3	4.56419E-3	4.75330E-3	4.91939E-3	5.12091E-3	5.30721E-3	5.47793E-3	5.66932E-3	5.90521E-3	6.18078E-3	6.41989E-3	6.71179E-3	6.98234E-3	7.27729E-3	7.61351E-3	7.94929E-3	8.34309E-3	8.72396E-3	9.25074E-3	9.63660E-3	1.00796E-2	1.05099E-2	1.08179E-2	1.09700E-2	1.09005E-2	1.08000E-2	1.07538E-2	1.06206E-2	1.04656E-2	1.02887E-2	1.00418E-2	9.74077E-3	9.54511E-3	9.21584E-3	8.89107E-3	8.61456E-3	8.29380E-3	7.98058E-3	7.67708E-3	7.37139E-3	7.08862E-3	6.80546E-3	6.46976E-3	6.17413E-3	5.90413E-3	5.61687E-3	5.33372E-3	5.16537E-3	4.93841E-3	4.79655E-3	4.68104E-3	4.60026E-3	4.48293E-3	4.34849E-3	4.19872E-3	4.08283E-3	3.93976E-3	3.85046E-3	3.74614E-3	3.63272E-3	3.53263E-3	3.45856E-3	3.36469E-3	3.27913E-3	3.22904E-3	3.13835E-3	3.05684E-3	3.00171E-3	2.94979E-3	2.87881E-3	2.81950E-3	2.80268E-3	2.75011E-3	2.69755E-3	2.63997E-3	2.59603E-3	2.56464E-3	2.51526E-3	2.47843E-3	2.44669E-3	2.41883E-3	2.38349E-3
2.91688E-3	2.91869E-3	2.95878E-3	3.01469E-3	3.08954E-3	3.12092E-3	3.19506E-3	3.27336E-3	3.36261E-3	3.44627E-3	3.52461E-3	3.65139E-3	3.73396E-3	3.82517E-3	3.92088E-3	4.06314E-3	4.14899E-3	4.28061E-3	4.44997E-3	4.60568E-3	4.75932E-3	4.93865E-3	5.09189E-3	5.29578E-3	5.48022E-3	5.73480E-3	5.95959E-3	6.18561E-3	6.44191E-3	6.70453E-3	6.99091E-3	7.33026E-3	7.62630E-3	7.96886E-3	8.35256E-3	8.73377E-3	9.21037E-3	9.70584E-3	1.01173E-2	1.05075E-2	1.08210E-2	1.09304E-2	1.08866E-2	1.07725E-2	1.07425E-2	1.06133E-2	1.04683E-2	1.02665E-2	1.00192E-2	9.76205E-3	9.45241E-3	9.14243E-3	8.82836E-3	8.58945E-3	8.25829E-3	7.92061E-3	7.62507E-3	7.34049E-3	7.04969E-3	6.76868E-3	6.52870E-3	6.24568E-3	5.95893E-3	5.66568E-3	5.41878E-3	5.21405E-3	5.02576E-3	4.86269E-3	4.74432E-3	4.58290E-3	4.47202E-3	4.34286E-3	4.13736E-3	4.05211E-3	3.95502E-3	3.83968E-3	3.72659E-3	3.63183E-3	3.54493E-3	3.43749E-3	3.34647E-3	3.29421E-3	3.21038E-3	3.12386E-3	3.05470E-3	3.00851E-3	2.95889E-3	2.88207E-3	2.82108E-3	2.78914E-3	2.72092E-3	2.67776E-3	2.62853E-3	2.59771E-3	2.55693E-3	2.49606E-3	2.48336E-3	2.46075E-3	2.42063E-3	2.36549E-3
2.91018E-3	2.93574E-3	2.98610E-3	3.04600E-3	3.08122E-3	3.13813E-3	3.24401E-3	3.30224E-3	3.36897E-3	3.43408E-3	3.52810E-3	3.61272E-3	3.72479E-3	3.81807E-3	3.93836E-3	4.03807E-3	4.15824E-3	4.32821E-3	4.49941E-3	4.68618E-3	4.78296E-3	4.94858E-3	5.12855E-3	5.30511E-3	5.50402E-3	5.75652E-3	5.99441E-3	6.18851E-3	6.45684E-3	6.70655E-3	7.02082E-3	7.34057E-3	7.70823E-3	8.03103E-3	8.36975E-3	8.77112E-3	9.29011E-3	9.76139E-3	1.01766E-2	1.05481E-2	1.08334E-2	1.09613E-2	1.08605E-2	1.07532E-2	1.06993E-2	1.05590E-2	1.03965E-2	1.01865E-2	9.93683E-3	9.65977E-3	9.38685E-3	9.08010E-3	8.80291E-3	8.55539E-3	8.22902E-3	7.88786E-3	7.58641E-3	7.28607E-3	7.00326E-3	6.74243E-3	6.45314E-3	6.18751E-3	5.95202E-3	5.69452E-3	5.46527E-3	5.28057E-3	5.07594E-3	4.90833E-3	4.73246E-3	4.58519E-3	4.45022E-3	4.35481E-3	4.16798E-3	4.04821E-3	3.92506E-3	3.88487E-3	3.69051E-3	3.61768E-3	3.48616E-3	3.41412E-3	3.34512E-3	3.27249E-3	3.19874E-3	3.10123E-3	3.05243E-3	3.01607E-3	2.93116E-3	2.88412E-3	2.82678E-3	2.77857E-3	2.73016E-3	2.66630E-3	2.60783E-3	2.59311E-3	2.60414E-3	2.53017E-3	2.49674E-3	2.45673E-3	2.40220E-3	2.39374E-3
2.91866E-3	2.90562E-3	2.97087E-3	3.03455E-3	3.08650E-3	3.15899E-3	3.20985E-3	3.28318E-3	3.37251E-3	3.45882E-3	3.55016E-3	3.63469E-3	3.73682E-3	3.83119E-3	3.94760E-3	4.07205E-3	4.19882E-3	4.35022E-3	4.50342E-3	4.62366E-3	4.80984E-3	4.97887E-3	5.12271E-3	5.35680E-3	5.51628E-3	5.75698E-3	5.97751E-3	6.24530E-3	6.50087E-3	6.76428E-3	7.07676E-3	7.36966E-3	7.70452E-3	8.02018E-3	8.42242E-3	8.85785E-3	9.39028E-3	9.78329E-3	1.01874E-2	1.05829E-2	1.08470E-2	1.09382E-2	1.08376E-2	1.07448E-2	1.07213E-2	1.05613E-2	1.03579E-2	1.01493E-2	9.89221E-3	9.60758E-3	9.32614E-3	9.01932E-3	8.73530E-3	8.43927E-3	8.14221E-3	7.82399E-3	7.50495E-3	7.25529E-3	6.96467E-3	6.66984E-3	6.48308E-3	6.19113E-3	5.91934E-3	5.68092E-3	5.45670E-3	5.26175E-3	5.07442E-3	4.88624E-3	4.72561E-3	4.54780E-3	4.41290E-3	4.26865E-3	4.13708E-3	4.00443E-3	3.89517E-3	3.78632E-3	3.68815E-3	3.59911E-3	3.50250E-3	3.43748E-3	3.31223E-3	3.26458E-3	3.15558E-3	3.12005E-3	3.03164E-3	2.98478E-3	2.89156E-3	2.87709E-3	2.79783E-3	2.75899E-3	2.78770E-3	2.72396E-3	2.64083E-3	2.59727E-3	2.54758E-3	2.51920E-3	2.47220E-3	2.43422E-3	2.42707E-3	2.39986E-3
2.89599E-3	2.93850E-3	2.99781E-3	3.04522E-3	3.08196E-3	3.15004E-3	3.21389E-3	3.29580E-3	3.38636E-3	3.48090E-3	3.54755E-3	3.62603E-3	3.75159E-3	3.85101E-3	3.92638E-3	4.09660E-3	4.20449E-3	4.32877E-3	4.52529E-3	4.66020E-3	4.80468E-3	4.98047E-3	5.15255E-3	5.35619E-3	5.53827E-3	5.80119E-3	6.06351E-3	6.28730E-3	6.50577E-3	6.81393E-3	7.10447E-3	7.43571E-3	7.74277E-3	8.08564E-3	8.49057E-3	8.92476E-3	9.35729E-3	9.81684E-3	1.02416E-2	1.06070E-2	1.08876E-2	1.09336E-2	1.08179E-2	1.07544E-2	1.07047E-2	1.05339E-2	1.03598E-2	1.01379E-2	9.88078E-3	9.58970E-3	9.31513E-3	9.02892E-3	8.74095E-3	8.45529E-3	8.14104E-3	7.82311E-3	7.50281E-3	7.20690E-3	6.95198E-3	6.62341E-3	6.38858E-3	6.15294E-3	5.89498E-3	5.66494E-3	5.46211E-3	5.24690E-3	5.09095E-3	4.89038E-3	4.74528E-3	4.53955E-3	4.43670E-3	4.28795E-3	4.17723E-3	4.02048E-3	3.91184E-3	3.79342E-3	3.66532E-3	3.60275E-3	3.45517E-3	3.41346E-3	3.28465E-3	3.23303E-3	3.15658E-3	3.13619E-3	3.04110E-3	3.01396E-3	2.92615E-3	2.87357E-3	2.82429E-3	2.76897E-3	2.73583E-3	2.67614E-3	2.62394E-3	2.58892E-3	2.54165E-3	2.55057E-3	2.48573E-3	2.45418E-3	2.44214E-3	2.37689E-3
2.92506E-3	2.94939E-3	2.99531E-3	3.05441E-3	3.09809E-3	3.19248E-3	3.23668E-3	3.32532E-3	3.41021E-3	3.48438E-3	3.55509E-3	3.68120E-3	3.73738E-3	3.88829E-3	3.99601E-3	4.13655E-3	4.20725E-3	4.38659E-3	4.49686E-3	4.68216E-3	4.86925E-3	4.99491E-3	5.19494E-3	5.38052E-3	5.60438E-3	5.84204E-3	6.08974E-3	6.33156E-3	6.55942E-3	6.83875E-3	7.14621E-3	7.48626E-3	7.83675E-3	8.17272E-3	8.51496E-3	8.96981E-3	9.39533E-3	9.85686E-3	1.03069E-2	1.06876E-2	1.09245E-2	1.09550E-2	1.08005E-2	1.07435E-2	1.06429E-2	1.05077E-2	1.02850E-2	1.01345E-2	9.91400E-3	9.58475E-3	9.26090E-3	8.95462E-3	8.72275E-3	8.57499E-3	8.27544E-3	7.83663E-3	7.47536E-3	7.20024E-3	6.91720E-3	6.65284E-3	6.37452E-3	6.13544E-3	5.91039E-3	5.63317E-3	5.48401E-3	5.26213E-3	5.03521E-3	4.88985E-3	4.70362E-3	4.54366E-3	4.42972E-3	4.24804E-3	4.11964E-3	4.02600E-3	3.90376E-3	3.76949E-3	3.68513E-3	3.58816E-3	3.46282E-3	3.39749E-3	3.34168E-3	3.27272E-3	3.15272E-3	3.08360E-3	3.03279E-3	3.00448E-3	2.90397E-3	2.84206E-3	2.84403E-3	2.75100E-3	2.72091E-3	2.68932E-3	2.62863E-3	2.63985E-3	2.52790E-3	2.52443E-3	2.50648E-3	2.48245E-3	2.42387E-3	2.38254E-3
2.92589E-3	2.97321E-3	2.99370E-3	3.05134E-3	3.10234E-3	3.17352E-3	3.23342E-3	3.32172E-3	3.41219E-3	3.49151E-3	3.55935E-3	3.64621E-3	3.75653E-3	3.88466E-3	3.97653E-3	4.13854E-3	4.26072E-3	4.38503E-3	4.52148E-3	4.66159E-3	4.86200E-3	4.96688E-3	5.19786E-3	5.38888E-3	5.59872E-3	5.80479E-3	6.07039E-3	6.32697E-3	6.56531E-3	6.90274E-3	7.16091E-3	7.45936E-3	7.77220E-3	8.13859E-3	8.51767E-3	8.98004E-3	9.47497E-3	9.90636E-3	1.02933E-2	1.06454E-2	1.09050E-2	1.09686E-2	1.07975E-2	1.07043E-2	1.06138E-2	1.04565E-2	1.02735E-2	1.00684E-2	9.82142E-3	9.50824E-3	9.23283E-3	8.95584E-3	8.66581E-3	8.37333E-3	8.09107E-3	7.77006E-3	7.45528E-3	7.14852E-3	6.89876E-3	6.62463E-3	6.36239E-3	6.11336E-3	5.85714E-3	5.64394E-3	5.43506E-3	5.23630E-3	5.03695E-3	4.83260E-3	4.69347E-3	4.52124E-3	4.39118E-3	4.24410E-3	4.14025E-3	4.01289E-3	3.87840E-3	3.76978E-3	3.65513E-3	3.54520E-3	3.49263E-3	3.39762E-3	3.31568E-3	3.22026E-3	3.15815E-3	3.10527E-3	3.04459E-3	3.00470E-3	2.91704E-3	2.86421E-3	2.81969E-3	2.75622E-3	2.72002E-3	2.66924E-3	2.63849E-3	2.59197E-3	2.55895E-3	2.49792E-3	2.48603E-3	2.47246E-3	2.43361E-3	2.39465E-3
2.89785E-3	2.93021E-3	2.98188E-3	3.03732E-3	3.09569E-3	3.15303E-3	3.23636E-3	3.29690E-3	3.38543E-3	3.49161E-3	3.57523E-3	3.66892E-3	3.77217E-3	3.88219E-3	4.01369E-3	4.10904E-3	4.26204E-3	4.39791E-3	4.53508E-3	4.70751E-3	4.84167E-3	5.02947E-3	5.21056E-3	5.39170E-3	5.60438E-3	5.84704E-3	6.10499E-3	6.35533E-3	6.60414E-3	6.88838E-3	7.20267E-3	7.54009E-3	7.85819E-3	8.19468E-3	8.56713E-3	9.02505E-3	9.52743E-3	9.89768E-3	1.03372E-2	1.06765E-2	1.09078E-2	1.09668E-2	1.08077E-2	1.07069E-2	1.05983E-2	1.04154E-2	1.02311E-2	1.00395E-2	9.76838E-3	9.46463E-3	9.23006E-3	8.93409E-3	8.67134E-3	8.35649E-3	8.04407E-3	7.71290E-3	7.44332E-3	7.13597E-3	6.88444E-3	6.57551E-3	6.32046E-3	6.07420E-3	5.85050E-3	5.62179E-3	5.42116E-3	5.20264E-3	5.02323E-3	4.84456E-3	4.66558E-3	4.50502E-3	4.36386E-3	4.24984E-3	4.11352E-3	3.98088E-3	3.87543E-3	3.75031E-3	3.65004E-3	3.56764E-3	3.47153E-3	3.37725E-3	3.30048E-3	3.22663E-3	3.14692E-3	3.08200E-3	3.02033E-3	2.96444E-3	2.91717E-3	2.86767E-3	2.81557E-3	2.74715E-3	2.71198E-3	2.64709E-3	2.63266E-3	2.60494E-3	2.57211E-3	2.52138E-3	2.48663E-3	2.46202E-3	2.44247E-3	2.40060E-3
2.92538E-3	2.95684E-3	3.00764E-3	3.07184E-3	3.11974E-3	3.15958E-3	3.24245E-3	3.32970E-3	3.39826E-3	3.49206E-3	3.56299E-3	3.68770E-3	3.77963E-3	3.88460E-3	4.03254E-3	4.15520E-3	4.25219E-3	4.40449E-3	4.53642E-3	4.68885E-3	4.86843E-3	5.03964E-3	5.22871E-3	5.43481E-3	5.61168E-3	5.85282E-3	6.09807E-3	6.36542E-3	6.61027E-3	6.86931E-3	7.19826E-3	7.51260E-3	7.83644E-3	8.22984E-3	8.69447E-3	9.05850E-3	9.51858E-3	9.95475E-3	1.03981E-2	1.07627E-2	1.09467E-2	1.09377E-2	1.07683E-2	1.06634E-2	1.05751E-2	1.03761E-2	1.01950E-2	9.95278E-3	9.72109E-3	9.44520E-3	9.17108E-3	8.87912E-3	8.64574E-3	8.34671E-3	8.00260E-3	7.74520E-3	7.40727E-3	7.09201E-3	6.85162E-3	6.56682E-3	6.28767E-3	6.06050E-3	5.80902E-3	5.57181E-3	5.40274E-3	5.18804E-3	4.98395E-3	4.79196E-3	4.60792E-3	4.47915E-3	4.35546E-3	4.21551E-3	4.08189E-3	3.95136E-3	3.85206E-3	3.75201E-3	3.63208E-3	3.53736E-3	3.43751E-3	3.34247E-3	3.29211E-3	3.22229E-3	3.18554E-3	3.05633E-3	2.98448E-3	2.94692E-3	2.91019E-3	2.84773E-3	2.79567E-3	2.73520E-3	2.71310E-3	2.66322E-3	2.65577E-3	2.56978E-3	2.55628E-3	2.53046E-3	2.48013E-3	2.45722E-3	2.43716E-3	2.37958E-3
2.93179E-3	2.95061E-3	3.01197E-3	3.05855E-3	3.11629E-3	3.16193E-3	3.26947E-3	3.34286E-3	3.42004E-3	3.49105E-3	3.59471E-3	3.67637E-3	3.76573E-3	3.89349E-3	4.01785E-3	4.13332E-3	4.26773E-3	4.42264E-3	4.60643E-3	4.75243E-3	4.88007E-3	5.06532E-3	5.22642E-3	5.42607E-3	5.63903E-3	5.88674E-3	6.11199E-3	6.38690E-3	6.60569E-3	6.90852E-3	7.24070E-3	7.51687E-3	7.86288E-3	8.22647E-3	8.62895E-3	9.08140E-3	9.57536E-3	9.96291E-3	1.03787E-2	1.07272E-2	1.09124E-2	1.09024E-2	1.07122E-2	1.06441E-2	1.05748E-2	1.03524E-2	1.01495E-2	9.92976E-3	9.68037E-3	9.43990E-3	9.20399E-3	8.88866E-3	8.59219E-3	8.32533E-3	7.99952E-3	7.65841E-3	7.37286E-3	7.09212E-3	6.83176E-3	6.54646E-3	6.28170E-3	6.02396E-3	5.76666E-3	5.53710E-3	5.34730E-3	5.13285E-3	4.94313E-3	4.76112E-3	4.61681E-3	4.44912E-3	4.31804E-3	4.18019E-3	4.06110E-3	3.94950E-3	3.82188E-3	3.71802E-3	3.60911E-3	3.52420E-3	3.44367E-3	3.36769E-3	3.27174E-3	3.20393E-3	3.13380E-3	3.04961E-3	2.99189E-3	2.93888E-3	2.90878E-3	2.84631E-3	2.79081E-3	2.75894E-3	2.70334E-3	2.65709E-3	2.59831E-3	2.57539E-3	2.54644E-3	2.52211E-3	2.47700E-3	2.44363E-3	2.41525E-3	2.37677E-3
2.93305E-3	2.95063E-3	3.01016E-3	3.07825E-3	3.12583E-3	3.20033E-3	3.26702E-3	3.34540E-3	3.40979E-3	3.52018E-3	3.57806E-3	3.72207E-3	3.82432E-3	3.89880E-3	4.01803E-3	4.15136E-3	4.26277E-3	4.44419E-3	4.56698E-3	4.72745E-3	4.88365E-3	5.08036E-3	5.26233E-3	5.44487E-3	5.67933E-3	5.90499E-3	6.15053E-3	6.39767E-3	6.65457E-3	6.95542E-3	7.29081E-3	7.58572E-3	7.94152E-3	8.32269E-3	8.73871E-3	9.17789E-3	9.59868E-3	1.00551E-2	1.04092E-2	1.07388E-2	1.09306E-2	1.08877E-2	1.06738E-2	1.06294E-2	1.04969E-2	1.03124E-2	1.01134E-2	9.87939E-3	9.66248E-3	9.38828E-3	9.08484E-3	8.85003E-3	8.67266E-3	8.27169E-3	7.92248E-3	7.64810E-3	7.35503E-3	7.07881E-3	6.80534E-3	6.46827E-3	6.24365E-3	5.97843E-3	5.75491E-3	5.51820E-3	5.33049E-3	5.11836E-3	4.93699E-3	4.73908E-3	4.57171E-3	4.43644E-3	4.30186E-3	4.15841E-3	4.02177E-3	3.92033E-3	3.79389E-3	3.71523E-3	3.59504E-3	3.50103E-3	3.41861E-3	3.33768E-3	3.24721E-3	3.18218E-3	3.10195E-3	3.04377E-3	3.01306E-3	2.93365E-3	2.87475E-3	2.84431E-3	2.78365E-3	2.74865E-3	2.69939E-3	2.64089E-3	2.60847E-3	2.57212E-3	2.52899E-3	2.50285E-3	2.46797E-3	2.43159E-3	2.40903E-3	2.37537E-3
2.94159E-3	2.97282E-3	3.01191E-3	3.07832E-3	3.13474E-3	3.18026E-3	3.25931E-3	3.35912E-3	3.43674E-3	3.52901E-3	3.60350E-3	3.69904E-3	3.80390E-3	3.92647E-3	4.02767E-3	4.15192E-3	4.26724E-3	4.41822E-3	4.59953E-3	4.75026E-3	4.87287E-3	5.07999E-3	5.26469E-3	5.46356E-3	5.68184E-3	5.92189E-3	6.16373E-3	6.41662E-3	6.69724E-3	6.96689E-3	7.28106E-3	7.60564E-3	7.92575E-3	8.30517E-3	8.72008E-3	9.17432E-3	9.64681E-3	1.00557E-2	1.04392E-2	1.07694E-2	1.09033E-2	1.08797E-2	1.06406E-2	1.05878E-2	1.04814E-2	1.03119E-2	1.01472E-2	9.86886E-3	9.64539E-3	9.35999E-3	9.12617E-3	8.86331E-3	8.55709E-3	8.23666E-3	7.93333E-3	7.64049E-3	7.37518E-3	7.03977E-3	6.75544E-3	6.45890E-3	6.20005E-3	5.96891E-3	5.72078E-3	5.47114E-3	5.29916E-3	5.11678E-3	4.90901E-3	4.73027E-3	4.57224E-3	4.41263E-3	4.26410E-3	4.13376E-3	4.02435E-3	3.87991E-3	3.78880E-3	3.66838E-3	3.58022E-3	3.48482E-3	3.39325E-3	3.31160E-3	3.23659E-3	3.17293E-3	3.08373E-3	3.03407E-3	2.98816E-3	2.91498E-3	2.86279E-3	2.82427E-3	2.78253E-3	2.72039E-3	2.67149E-3	2.62739E-3	2.60462E-3	2.57494E-3	2.52671E-3	2.50853E-3	2.47750E-3	2.45065E-3	2.40621E-3	2.36948E-3
2.92486E-3	2.95806E-3	3.01189E-3	3.07291E-3	3.11829E-3	3.18586E-3	3.26500E-3	3.34691E-3	3.42981E-3	3.49679E-3	3.60819E-3	3.71147E-3	3.82774E-3	3.94244E-3	4.02821E-3	4.16289E-3	4.28700E-3	4.42933E-3	4.62763E-3	4.78001E-3	4.90108E-3	5.09616E-3	5.27480E-3	5.45760E-3	5.69128E-3	5.96625E-3	6.19921E-3	6.52334E-3	6.73280E-3	6.97991E-3	7.29799E-3	7.63459E-3	8.00616E-3	8.34485E-3	8.76248E-3	9.18864E-3	9.61182E-3	1.00969E-2	1.04597E-2	1.07878E-2	1.08984E-2	1.08053E-2	1.06522E-2	1.05586E-2	1.04451E-2	1.02523E-2	1.00238E-2	9.84506E-3	9.67896E-3	9.36593E-3	9.11007E-3	8.85198E-3	8.55745E-3	8.25045E-3	7.92116E-3	7.61853E-3	7.29988E-3	7.00196E-3	6.72937E-3	6.45060E-3	6.14659E-3	5.92618E-3	5.68960E-3	5.45651E-3	5.25390E-3	5.05317E-3	4.89251E-3	4.70170E-3	4.54083E-3	4.37059E-3	4.26395E-3	4.12282E-3	4.01243E-3	3.86332E-3	3.76045E-3	3.64928E-3	3.56881E-3	3.47986E-3	3.40790E-3	3.32286E-3	3.23084E-3	3.15039E-3	3.10293E-3	3.03368E-3	2.96647E-3	2.92546E-3	2.86077E-3	2.82028E-3	2.72870E-3	2.68577E-3	2.67226E-3	2.64246E-3	2.59765E-3	2.58083E-3	2.53151E-3	2.49413E-3	2.46413E-3	2.42235E-3	2.39326E-3	2.37821E-3
2.94320E-3	2.96207E-3	3.01594E-3	3.09432E-3	3.13715E-3	3.17755E-3	3.26248E-3	3.36172E-3	3.43236E-3	3.52346E-3	3.61683E-3	3.71463E-3	3.81181E-3	3.92746E-3	4.04305E-3	4.16644E-3	4.27982E-3	4.43613E-3	4.57917E-3	4.74883E-3	4.92033E-3	5.09369E-3	5.26943E-3	5.48010E-3	5.70606E-3	5.98986E-3	6.21870E-3	6.43868E-3	6.71325E-3	7.02169E-3	7.35593E-3	7.65761E-3	8.06159E-3	8.39708E-3	8.75778E-3	9.23948E-3	9.67143E-3	1.01175E-2	1.04761E-2	1.08205E-2	1.09248E-2	1.08061E-2	1.06339E-2	1.06698E-2	1.04449E-2	1.01914E-2	1.00528E-2	9.83385E-3	9.56851E-3	9.33924E-3	9.10741E-3	8.84237E-3	8.56539E-3	8.23962E-3	7.88817E-3	7.59597E-3	7.27250E-3	6.97946E-3	6.71952E-3	6.42988E-3	6.15122E-3	5.89902E-3	5.67267E-3	5.43205E-3	5.22437E-3	5.04584E-3	4.88249E-3	4.68167E-3	4.52792E-3	4.37202E-3	4.23517E-3	4.10753E-3	4.00583E-3	3.83812E-3	3.74322E-3	3.64565E-3	3.56021E-3	3.45332E-3	3.37141E-3	3.28895E-3	3.21899E-3	3.14416E-3	3.08484E-3	3.00699E-3	2.96387E-3	2.90306E-3	2.85017E-3	2.80694E-3	2.74432E-3	2.70985E-3	2.68201E-3	2.62804E-3	2.59010E-3	2.54852E-3	2.53419E-3	2.49190E-3	2.47346E-3	2.43983E-3	2.39503E-3	2.38984E-3
2.94482E-3	2.96162E-3	3.03114E-3	3.06412E-3	3.12933E-3	3.19054E-3	3.28572E-3	3.35682E-3	3.43604E-3	3.51488E-3	3.62374E-3	3.71837E-3	3.81320E-3	3.92967E-3	4.09953E-3	4.17840E-3	4.28985E-3	4.47744E-3	4.61899E-3	4.76717E-3	4.93411E-3	5.12596E-3	5.32238E-3	5.49535E-3	5.72693E-3	5.95845E-3	6.20670E-3	6.47125E-3	6.73444E-3	7.03010E-3	7.37524E-3	7.69851E-3	8.05925E-3	8.43794E-3	8.79876E-3	9.25952E-3	9.71096E-3	1.01863E-2	1.05360E-2	1.08002E-2	1.08943E-2	1.08497E-2	1.06273E-2	1.04867E-2	1.03815E-2	1.02144E-2	1.00677E-2	9.84201E-3	9.58848E-3	9.34416E-3	9.09600E-3	8.86055E-3	8.55162E-3	8.23181E-3	7.87338E-3	7.58573E-3	7.25898E-3	6.96804E-3	6.65838E-3	6.39056E-3	6.14823E-3	5.88924E-3	5.61957E-3	5.38175E-3	5.19131E-3	4.98250E-3	4.84035E-3	4.62517E-3	4.47745E-3	4.34477E-3	4.21179E-3	4.05702E-3	3.95721E-3	3.83244E-3	3.70239E-3	3.64465E-3	3.51756E-3	3.44243E-3	3.35219E-3	3.27197E-3	3.19762E-3	3.15385E-3	3.04900E-3	3.00218E-3	2.96596E-3	2.88808E-3	2.83373E-3	2.79328E-3	2.76338E-3	2.71593E-3	2.65680E-3	2.61145E-3	2.57406E-3	2.54425E-3	2.51310E-3	2.48371E-3	2.45147E-3	2.43365E-3	2.38165E-3	2.36711E-3
2.95197E-3	2.96961E-3	3.01473E-3	3.07587E-3	3.13828E-3	3.18843E-3	3.27353E-3	3.35768E-3	3.42991E-3	3.53215E-3	3.61796E-3	3.71515E-3	3.82512E-3	3.92473E-3	4.04012E-3	4.19533E-3	4.31492E-3	4.45260E-3	4.59815E-3	4.76044E-3	4.95942E-3	5.13469E-3	5.29896E-3	5.51938E-3	5.73879E-3	5.97200E-3	6.23577E-3	6.48565E-3	6.72487E-3	7.03633E-3	7.35658E-3	7.70250E-3	8.05015E-3	8.41169E-3	8.85074E-3	9.30596E-3	9.79162E-3	1.01986E-2	1.05150E-2	1.08100E-2	1.08954E-2	1.07998E-2	1.06039E-2	1.05359E-2	1.03903E-2	1.01743E-2	1.00392E-2	9.85927E-3	9.59469E-3	9.32103E-3	9.08443E-3	8.81783E-3	8.52977E-3	8.16453E-3	7.83407E-3	7.50217E-3	7.19831E-3	6.91176E-3	6.65332E-3	6.36673E-3	6.09596E-3	5.84139E-3	5.58515E-3	5.34105E-3	5.13641E-3	4.94891E-3	4.78893E-3	4.61232E-3	4.45607E-3	4.32458E-3	4.13829E-3	4.03078E-3	3.91641E-3	3.80828E-3	3.69690E-3	3.61120E-3	3.49500E-3	3.42964E-3	3.34007E-3	3.25302E-3	3.19442E-3	3.10933E-3	3.05786E-3	2.96234E-3	2.92108E-3	2.88499E-3	2.82363E-3	2.78680E-3	2.74985E-3	2.71087E-3	2.66223E-3	2.61800E-3	2.56382E-3	2.53664E-3	2.52274E-3	2.48970E-3	2.44949E-3	2.42335E-3	2.38224E-3	2.34432E-3
2.90264E-3	2.95507E-3	3.00447E-3	3.06121E-3	3.12263E-3	3.18614E-3	3.26353E-3	3.33692E-3	3.43395E-3	3.51491E-3	3.62420E-3	3.72479E-3	3.81299E-3	3.98670E-3	4.07812E-3	4.18603E-3	4.29946E-3	4.46634E-3	4.63841E-3	4.76632E-3	4.94637E-3	5.13995E-3	5.29894E-3	5.52604E-3	5.73290E-3	5.96930E-3	6.21599E-3	6.51454E-3	6.77665E-3	7.07547E-3	7.39126E-3	7.73250E-3	8.08033E-3	8.48776E-3	8.92654E-3	9.35579E-3	9.77976E-3	1.02115E-2	1.05536E-2	1.07955E-2	1.08538E-2	1.07286E-2	1.05697E-2	1.04518E-2	1.03324E-2	1.01708E-2	1.00122E-2	9.77900E-3	9.54733E-3	9.33321E-3	9.09072E-3	8.81105E-3	8.58247E-3	8.20398E-3	7.81114E-3	7.47598E-3	7.17800E-3	6.87257E-3	6.58689E-3	6.29691E-3	6.02963E-3	5.77817E-3	5.52402E-3	5.30272E-3	5.11522E-3	4.92295E-3	4.73447E-3	4.59531E-3	4.42043E-3	4.28800E-3	4.14433E-3	4.02622E-3	3.90331E-3	3.77520E-3	3.66656E-3	3.57113E-3	3.47728E-3	3.40941E-3	3.30970E-3	3.23216E-3	3.15290E-3	3.07085E-3	3.03357E-3	2.97683E-3	2.92293E-3	2.85716E-3	2.81428E-3	2.78721E-3	2.73276E-3	2.66466E-3	2.63643E-3	2.60177E-3	2.56684E-3	2.52604E-3	2.51728E-3	2.45692E-3	2.43905E-3	2.42150E-3	2.35975E-3	2.33963E-3
2.93807E-3	2.96538E-3	3.01392E-3	3.08603E-3	3.11140E-3	3.20303E-3	3.28467E-3	3.34911E-3	3.43424E-3	3.50226E-3	3.62654E-3	3.73005E-3	3.82397E-3	3.92140E-3	4.04477E-3	4.18296E-3	4.30269E-3	4.46602E-3	4.61267E-3	4.78915E-3	4.98347E-3	5.15856E-3	5.33497E-3	5.52806E-3	5.75589E-3	6.00808E-3	6.25018E-3	6.49698E-3	6.77800E-3	7.09291E-3	7.40930E-3	7.72829E-3	8.07909E-3	8.51001E-3	8.96235E-3	9.36268E-3	9.78568E-3	1.02364E-2	1.06034E-2	1.08333E-2	1.08831E-2	1.07366E-2	1.05381E-2	1.04875E-2	1.03760E-2	1.02216E-2	1.00220E-2	9.75290E-3	9.55243E-3	9.30052E-3	9.05980E-3	8.79473E-3	8.49624E-3	8.17496E-3	7.80959E-3	7.43789E-3	7.09813E-3	6.84502E-3	6.53091E-3	6.27547E-3	5.99154E-3	5.73640E-3	5.52582E-3	5.29418E-3	5.09588E-3	4.88713E-3	4.72215E-3	4.55057E-3	4.40832E-3	4.24476E-3	4.11922E-3	3.98868E-3	3.87098E-3	3.79485E-3	3.68428E-3	3.53984E-3	3.46161E-3	3.36904E-3	3.29462E-3	3.21863E-3	3.15993E-3	3.08443E-3	3.01669E-3	2.96183E-3	2.89768E-3	2.84999E-3	2.81965E-3	2.74321E-3	2.70632E-3	2.66919E-3	2.64037E-3	2.58096E-3	2.56121E-3	2.53110E-3	2.48540E-3	2.46755E-3	2.42462E-3	2.40405E-3	2.39283E-3	2.33225E-3
2.94760E-3	2.95786E-3	3.03305E-3	3.09214E-3	3.12020E-3	3.18353E-3	3.25711E-3	3.34878E-3	3.43058E-3	3.52321E-3	3.61972E-3	3.70921E-3	3.81684E-3	3.99285E-3	4.06332E-3	4.19351E-3	4.32427E-3	4.47423E-3	4.62246E-3	4.77718E-3	4.97434E-3	5.13344E-3	5.33315E-3	5.54477E-3	5.76332E-3	5.99387E-3	6.23852E-3	6.50515E-3	6.80368E-3	7.13365E-3	7.43453E-3	7.74597E-3	8.10278E-3	8.47826E-3	8.98144E-3	9.37190E-3	9.83140E-3	1.02765E-2	1.06437E-2	1.08569E-2	1.08738E-2	1.06747E-2	1.05254E-2	1.04487E-2	1.03526E-2	1.02071E-2	1.00439E-2	9.79589E-3	9.57709E-3	9.31847E-3	9.12687E-3	8.82523E-3	8.46517E-3	8.13719E-3	7.76541E-3	7.45310E-3	7.08618E-3	6.79949E-3	6.53368E-3	6.23395E-3	5.94481E-3	5.68533E-3	5.48030E-3	5.22170E-3	5.05559E-3	4.84112E-3	4.71769E-3	4.51571E-3	4.34990E-3	4.23212E-3	4.10443E-3	3.98547E-3	3.87100E-3	3.71626E-3	3.61301E-3	3.52484E-3	3.43096E-3	3.35540E-3	3.28987E-3	3.22517E-3	3.15044E-3	3.07785E-3	2.99365E-3	2.93810E-3	2.89300E-3	2.85057E-3	2.80037E-3	2.74339E-3	2.69375E-3	2.65819E-3	2.62056E-3	2.56890E-3	2.54828E-3	2.51017E-3	2.48756E-3	2.46283E-3	2.40745E-3	2.38684E-3	2.38021E-3	2.34043E-3
2.96483E-3	2.96879E-3	3.03364E-3	3.11470E-3	3.13815E-3	3.20781E-3	3.27129E-3	3.34952E-3	3.44357E-3	3.52824E-3	3.63937E-3	3.72927E-3	3.83924E-3	3.94814E-3	4.06963E-3	4.19380E-3	4.32044E-3	4.49694E-3	4.64087E-3	4.79950E-3	4.96532E-3	5.15475E-3	5.31891E-3	5.55744E-3	5.79129E-3	6.02429E-3	6.29630E-3	6.53962E-3	6.86915E-3	7.13683E-3	7.44102E-3	7.86301E-3	8.15154E-3	8.54382E-3	8.98426E-3	9.40364E-3	9.85589E-3	1.02866E-2	1.06063E-2	1.08004E-2	1.08580E-2	1.06915E-2	1.05958E-2	1.04102E-2	1.02319E-2	1.00735E-2	9.96990E-3	9.72287E-3	9.49535E-3	9.23988E-3	9.00619E-3	8.67237E-3	8.33296E-3	8.00068E-3	7.65193E-3	7.31061E-3	6.98141E-3	6.70671E-3	6.38364E-3	6.12081E-3	5.83347E-3	5.62480E-3	5.39427E-3	5.19238E-3	4.98137E-3	4.78719E-3	4.62787E-3	4.47848E-3	4.32292E-3	4.18532E-3	4.06510E-3	3.95901E-3	3.82036E-3	3.71885E-3	3.60208E-3	3.50744E-3	3.41600E-3	3.33956E-3	3.25086E-3	3.20556E-3	3.11665E-3	3.04185E-3	2.98665E-3	2.92635E-3	2.89388E-3	2.84539E-3	2.78792E-3	2.72292E-3	2.68667E-3	2.66183E-3	2.60565E-3	2.57299E-3	2.55013E-3	2.50756E-3	2.48546E-3	2.44628E-3	2.41825E-3	2.38900E-3	2.36055E-3	2.35317E-3
2.92654E-3	2.95180E-3	3.01547E-3	3.06707E-3	3.12923E-3	3.19814E-3	3.26207E-3	3.35652E-3	3.42709E-3	3.51015E-3	3.60978E-3	3.72564E-3	3.83243E-3	3.93395E-3	4.05884E-3	4.19348E-3	4.29490E-3	4.50828E-3	4.65444E-3	4.77409E-3	4.94809E-3	5.15219E-3	5.31267E-3	5.56187E-3	5.79944E-3	6.04978E-3	6.30676E-3	6.54747E-3	6.82450E-3	7.10703E-3	7.46074E-3	7.83219E-3	8.14611E-3	8.53111E-3	8.98948E-3	9.39265E-3	9.83000E-3	1.02558E-2	1.06112E-2	1.07567E-2	1.08260E-2	1.07957E-2	1.05046E-2	1.03979E-2	1.02568E-2	1.00849E-2	9.90712E-3	9.65629E-3	9.44346E-3	9.17155E-3	8.90920E-3	8.64250E-3	8.28096E-3	7.95792E-3	7.62096E-3	7.27234E-3	6.96064E-3	6.71406E-3	6.40596E-3	6.10434E-3	5.83900E-3	5.62319E-3	5.36229E-3	5.15361E-3	4.95345E-3	4.74168E-3	4.59297E-3	4.45916E-3	4.27462E-3	4.14480E-3	4.03700E-3	3.92401E-3	3.77125E-3	3.69552E-3	3.59944E-3	3.49012E-3	3.39993E-3	3.31903E-3	3.24299E-3	3.18323E-3	3.10442E-3	3.02576E-3	2.98258E-3	2.91894E-3	2.86734E-3	2.80688E-3	2.75973E-3	2.73116E-3	2.69824E-3	2.64581E-3	2.61189E-3	2.58795E-3	2.55287E-3	2.49597E-3	2.45521E-3	2.46287E-3	2.39271E-3	2.39864E-3	2.33488E-3	2.32512E-3
2.92643E-3	2.94938E-3	3.00309E-3	3.07458E-3	3.14428E-3	3.21211E-3	3.24760E-3	3.34042E-3	3.42013E-3	3.52976E-3	3.63404E-3	3.73591E-3	3.84494E-3	3.95830E-3	4.06940E-3	4.22115E-3	4.32599E-3	4.49060E-3	4.61596E-3	4.76915E-3	4.97231E-3	5.15970E-3	5.36015E-3	5.54978E-3	5.80571E-3	6.06628E-3	6.26046E-3	6.52520E-3	6.83530E-3	7.13532E-3	7.48236E-3	7.76921E-3	8.12815E-3	8.55360E-3	8.98059E-3	9.44320E-3	9.93388E-3	1.03336E-2	1.06432E-2	1.07775E-2	1.07862E-2	1.05761E-2	1.04411E-2	1.03447E-2	1.01620E-2	1.00218E-2	9.91907E-3	9.66367E-3	9.40136E-3	9.08461E-3	8.83991E-3	8.55526E-3	8.21853E-3	7.86733E-3	7.51170E-3	7.19012E-3	6.89640E-3	6.60238E-3	6.32667E-3	6.02596E-3	5.81129E-3	5.57492E-3	5.33313E-3	5.11808E-3	4.92615E-3	4.73232E-3	4.55764E-3	4.40891E-3	4.25663E-3	4.11635E-3	3.98885E-3	3.89396E-3	3.79343E-3	3.65599E-3	3.56583E-3	3.47764E-3	3.38469E-3	3.30926E-3	3.21357E-3	3.16139E-3	3.09225E-3	3.00666E-3	2.94073E-3	2.89620E-3	2.84410E-3	2.79276E-3	2.74033E-3	2.70614E-3	2.67467E-3	2.65173E-3	2.60131E-3	2.54547E-3	2.52104E-3	2.48613E-3	2.43947E-3	2.43257E-3	2.40156E-3	2.36985E-3	2.33307E-3	2.31231E-3
2.92186E-3	2.95832E-3	2.99278E-3	3.06000E-3	3.12817E-3	3.19454E-3	3.28400E-3	3.33542E-3	3.43624E-3	3.55065E-3	3.63718E-3	3.72738E-3	3.82534E-3	3.92551E-3	4.05372E-3	4.19125E-3	4.30816E-3	4.46246E-3	4.61481E-3	4.77770E-3	4.98186E-3	5.15526E-3	5.35111E-3	5.56736E-3	5.79010E-3	6.03777E-3	6.26622E-3	6.53964E-3	6.81428E-3	7.12412E-3	7.45684E-3	7.79617E-3	8.14139E-3	8.55637E-3	9.00723E-3	9.41672E-3	9.84870E-3	1.02578E-2	1.05895E-2	1.08021E-2	1.07941E-2	1.05581E-2	1.04546E-2	1.03232E-2	1.01282E-2	9.97874E-3	9.78208E-3	9.50872E-3	9.24124E-3	8.98918E-3	8.72741E-3	8.40664E-3	8.08639E-3	7.76230E-3	7.44548E-3	7.10027E-3	6.80112E-3	6.51825E-3	6.24680E-3	5.97661E-3	5.75428E-3	5.54971E-3	5.30112E-3	5.05140E-3	4.89266E-3	4.69700E-3	4.53863E-3	4.38441E-3	4.22699E-3	4.11267E-3	3.96606E-3	3.84851E-3	3.75357E-3	3.63270E-3	3.52353E-3	3.45019E-3	3.35809E-3	3.28249E-3	3.21241E-3	3.17012E-3	3.11244E-3	3.01165E-3	2.93921E-3	2.87954E-3	2.84873E-3	2.81619E-3	2.73689E-3	2.69332E-3	2.65033E-3	2.64848E-3	2.57748E-3	2.55503E-3	2.51591E-3	2.48971E-3	2.46154E-3	2.42167E-3	2.39353E-3	2.36892E-3	2.35293E-3	2.30436E-3
2.95071E-3	2.93636E-3	2.99961E-3	3.06220E-3	3.12510E-3	3.18348E-3	3.25899E-3	3.35714E-3	3.43472E-3	3.51813E-3	3.61845E-3	3.69207E-3	3.83210E-3	3.95010E-3	4.05493E-3	4.16688E-3	4.30011E-3	4.46763E-3	4.62176E-3	4.77879E-3	4.96720E-3	5.15418E-3	5.33452E-3	5.55177E-3	5.77019E-3	6.04694E-3	6.29277E-3	6.52860E-3	6.83633E-3	7.13396E-3	7.47648E-3	7.78677E-3	8.16083E-3	8.60780E-3	8.99165E-3	9.43119E-3	9.89324E-3	1.02395E-2	1.05765E-2	1.07094E-2	1.07275E-2	1.05021E-2	1.03280E-2	1.01869E-2	1.00397E-2	9.90230E-3	9.70139E-3	9.35870E-3	9.10702E-3	8.87289E-3	8.62705E-3	8.34257E-3	8.04175E-3	7.73179E-3	7.39656E-3	7.06810E-3	6.77532E-3	6.48187E-3	6.16140E-3	5.92509E-3	5.72067E-3	5.48689E-3	5.26342E-3	5.02350E-3	4.82238E-3	4.64059E-3	4.48829E-3	4.36227E-3	4.19531E-3	4.05990E-3	3.92667E-3	3.81308E-3	3.71931E-3	3.59145E-3	3.50860E-3	3.42819E-3	3.32796E-3	3.24991E-3	3.17993E-3	3.14379E-3	3.04656E-3	3.00616E-3	2.95220E-3	2.86373E-3	2.82372E-3	2.77585E-3	2.74035E-3	2.69198E-3	2.66188E-3	2.60516E-3	2.55600E-3	2.57212E-3	2.48456E-3	2.44963E-3	2.43402E-3	2.42343E-3	2.37668E-3	2.36181E-3	2.37195E-3	2.28166E-3
2.93722E-3	2.95025E-3	2.99763E-3	3.05986E-3	3.10877E-3	3.16828E-3	3.25314E-3	3.32495E-3	3.41842E-3	3.51912E-3	3.59994E-3	3.72411E-3	3.82200E-3	3.92346E-3	4.04050E-3	4.16825E-3	4.30880E-3	4.45097E-3	4.60771E-3	4.76720E-3	4.96552E-3	5.14018E-3	5.32869E-3	5.55795E-3	5.75997E-3	6.01702E-3	6.26449E-3	6.54064E-3	6.83639E-3	7.12931E-3	7.44122E-3	7.75248E-3	8.13996E-3	8.58385E-3	8.96374E-3	9.43539E-3	9.84995E-3	1.02408E-2	1.05538E-2	1.07163E-2	1.07079E-2	1.04601E-2	1.03207E-2	1.01553E-2	9.96630E-3	9.79456E-3	9.55292E-3	9.28212E-3	9.04995E-3	8.79209E-3	8.55070E-3	8.28282E-3	7.97160E-3	7.61861E-3	7.29774E-3	6.97882E-3	6.71006E-3	6.44690E-3	6.15902E-3	5.88964E-3	5.66583E-3	5.42643E-3	5.20667E-3	4.97925E-3	4.79732E-3	4.61607E-3	4.46836E-3	4.30948E-3	4.16839E-3	4.04049E-3	3.92358E-3	3.79659E-3	3.68532E-3	3.58734E-3	3.49781E-3	3.40065E-3	3.32531E-3	3.24831E-3	3.19370E-3	3.10486E-3	3.04782E-3	2.96878E-3	2.90539E-3	2.87415E-3	2.81812E-3	2.78015E-3	2.71855E-3	2.69476E-3	2.62877E-3	2.57730E-3	2.56809E-3	2.51618E-3	2.49845E-3	2.47409E-3	2.42132E-3	2.41760E-3	2.39934E-3	2.38566E-3	2.32570E-3	2.29584E-3
2.92246E-3	2.94534E-3	2.98760E-3	3.04168E-3	3.10090E-3	3.18973E-3	3.23938E-3	3.31756E-3	3.40742E-3	3.51067E-3	3.59111E-3	3.70466E-3	3.79330E-3	3.91418E-3	4.03096E-3	4.16815E-3	4.30189E-3	4.48917E-3	4.64389E-3	4.78605E-3	4.96292E-3	5.13248E-3	5.31378E-3	5.53291E-3	5.74303E-3	5.99866E-3	6.24481E-3	6.52646E-3	6.81645E-3	7.14413E-3	7.45932E-3	7.76967E-3	8.15198E-3	8.53035E-3	9.01130E-3	9.40912E-3	9.84584E-3	1.02378E-2	1.05311E-2	1.06648E-2	1.06598E-2	1.04172E-2	1.02358E-2	1.00462E-2	9.86858E-3	9.66837E-3	9.46198E-3	9.19306E-3	8.94518E-3	8.67554E-3	8.42189E-3	8.15811E-3	7.83738E-3	7.51844E-3	7.20904E-3	6.90481E-3	6.59143E-3	6.32330E-3	6.04611E-3	5.83015E-3	5.59596E-3	5.37311E-3	5.13718E-3	4.93323E-3	4.77160E-3	4.56815E-3	4.41800E-3	4.29800E-3	4.12926E-3	4.00775E-3	3.91620E-3	3.79798E-3	3.65592E-3	3.54080E-3	3.44857E-3	3.39095E-3	3.30859E-3	3.21794E-3	3.13179E-3	3.08618E-3	3.01990E-3	2.95073E-3	2.88572E-3	2.84714E-3	2.80155E-3	2.74417E-3	2.70769E-3	2.67281E-3	2.61707E-3	2.59072E-3	2.54388E-3	2.50414E-3	2.47366E-3	2.46302E-3	2.42770E-3	2.39581E-3	2.38011E-3	2.35685E-3	2.34042E-3	2.30122E-3
2.91133E-3	2.94530E-3	3.00521E-3	3.03049E-3	3.09397E-3	3.12773E-3	3.26176E-3	3.33903E-3	3.42525E-3	3.48564E-3	3.61696E-3	3.70067E-3	3.80166E-3	3.91521E-3	4.02452E-3	4.14222E-3	4.29111E-3	4.42540E-3	4.61000E-3	4.77605E-3	4.94004E-3	5.11443E-3	5.30904E-3	5.51213E-3	5.75583E-3	5.99899E-3	6.24638E-3	6.51084E-3	6.77769E-3	7.09191E-3	7.40573E-3	7.77431E-3	8.13631E-3	8.53767E-3	8.94996E-3	9.44719E-3	9.83558E-3	1.02127E-2	1.04763E-2	1.06201E-2	1.05991E-2	1.03239E-2	1.01590E-2	9.96847E-3	9.76074E-3	9.54268E-3	9.34213E-3	9.24741E-3	8.93827E-3	8.58208E-3	8.28048E-3	7.99437E-3	7.69497E-3	7.37367E-3	7.06706E-3	6.75094E-3	6.50495E-3	6.26293E-3	6.02531E-3	5.70739E-3	5.50201E-3	5.30583E-3	5.09438E-3	4.88867E-3	4.72492E-3	4.55433E-3	4.38326E-3	4.23226E-3	4.08985E-3	3.98609E-3	3.85709E-3	3.70720E-3	3.63699E-3	3.51661E-3	3.44687E-3	3.34419E-3	3.26836E-3	3.22022E-3	3.12473E-3	3.05725E-3	3.01386E-3	2.91944E-3	2.86050E-3	2.83453E-3	2.78964E-3	2.71437E-3	2.70879E-3	2.62457E-3	2.61361E-3	2.56610E-3	2.55072E-3	2.47236E-3	2.47151E-3	2.47238E-3	2.43594E-3	2.36121E-3	2.33009E-3	2.32176E-3	2.31750E-3	2.32183E-3
2.93097E-3	2.94371E-3	2.98524E-3	3.05864E-3	3.08595E-3	3.14935E-3	3.20129E-3	3.30510E-3	3.39068E-3	3.49263E-3	3.61486E-3	3.66696E-3	3.79561E-3	3.89555E-3	4.00489E-3	4.12446E-3	4.28228E-3	4.41619E-3	4.58615E-3	4.72791E-3	4.91274E-3	5.09578E-3	5.28428E-3	5.47749E-3	5.73084E-3	5.97766E-3	6.21873E-3	6.49098E-3	6.77748E-3	7.08571E-3	7.42221E-3	7.75296E-3	8.17821E-3	8.53300E-3	8.96074E-3	9.38778E-3	9.78994E-3	1.01686E-2	1.04520E-2	1.06022E-2	1.05402E-2	1.02602E-2	1.00843E-2	9.92493E-3	9.69174E-3	9.46865E-3	9.22017E-3	9.14406E-3	8.82602E-3	8.45050E-3	8.19071E-3	7.86780E-3	7.56524E-3	7.29770E-3	6.98787E-3	6.66981E-3	6.39457E-3	6.18668E-3	5.95326E-3	5.64989E-3	5.43104E-3	5.21409E-3	5.03599E-3	4.82482E-3	4.66243E-3	4.46826E-3	4.34466E-3	4.20154E-3	4.05495E-3	3.91883E-3	3.82984E-3	3.70456E-3	3.60514E-3	3.50795E-3	3.42378E-3	3.31086E-3	3.24339E-3	3.16020E-3	3.10776E-3	3.04654E-3	2.96837E-3	2.91739E-3	2.85881E-3	2.79989E-3	2.76766E-3	2.70940E-3	2.67238E-3	2.63283E-3	2.60535E-3	2.55698E-3	2.53675E-3	2.49551E-3	2.46673E-3	2.42303E-3	2.42117E-3	2.37301E-3	2.36380E-3	2.34423E-3	2.29084E-3	2.27291E-3
2.92200E-3	2.94081E-3	2.98732E-3	3.04759E-3	3.09053E-3	3.13857E-3	3.22672E-3	3.28521E-3	3.39519E-3	3.48362E-3	3.56123E-3	3.68817E-3	3.80361E-3	3.90278E-3	4.00971E-3	4.11927E-3	4.24871E-3	4.40522E-3	4.59553E-3	4.75343E-3	4.87686E-3	5.08503E-3	5.26609E-3	5.47961E-3	5.72995E-3	5.95816E-3	6.20361E-3	6.47820E-3	6.76351E-3	7.06317E-3	7.40938E-3	7.72611E-3	8.09712E-3	8.51667E-3	8.93556E-3	9.33866E-3	9.82959E-3	1.01734E-2	1.04436E-2	1.05583E-2	1.04894E-2	1.01889E-2	9.99729E-3	9.85131E-3	9.62039E-3	9.32395E-3	9.07862E-3	8.80047E-3	8.54921E-3	8.27241E-3	8.01061E-3	7.75271E-3	7.44851E-3	7.16696E-3	6.87347E-3	6.59450E-3	6.33323E-3	6.08570E-3	5.84552E-3	5.59018E-3	5.37023E-3	5.16279E-3	4.96439E-3	4.76113E-3	4.60909E-3	4.41966E-3	4.29688E-3	4.14467E-3	4.03547E-3	3.89018E-3	3.77497E-3	3.65800E-3	3.55893E-3	3.44671E-3	3.32576E-3	3.29781E-3	3.22218E-3	3.13847E-3	3.07074E-3	3.01068E-3	2.96436E-3	2.89463E-3	2.84711E-3	2.81490E-3	2.75488E-3	2.70447E-3	2.65853E-3	2.62565E-3	2.57166E-3	2.54236E-3	2.51536E-3	2.47068E-3	2.45862E-3	2.44377E-3	2.40415E-3	2.33962E-3	2.35330E-3	2.33707E-3	2.26861E-3	2.27645E-3
2.90795E-3	2.92641E-3	2.97653E-3	3.03885E-3	3.09120E-3	3.15436E-3	3.23148E-3	3.28930E-3	3.37981E-3	3.46903E-3	3.56634E-3	3.66601E-3	3.76267E-3	3.85980E-3	4.00489E-3	4.12327E-3	4.22793E-3	4.39323E-3	4.56402E-3	4.69283E-3	4.88848E-3	5.07171E-3	5.24790E-3	5.49531E-3	5.68267E-3	5.97006E-3	6.18582E-3	6.44851E-3	6.79516E-3	7.06814E-3	7.36694E-3	7.69959E-3	8.04470E-3	8.48725E-3	8.91467E-3	9.32051E-3	9.71883E-3	1.01176E-2	1.03591E-2	1.04651E-2	1.03964E-2	1.00990E-2	9.97305E-3	1.00096E-2	9.73830E-3	9.33627E-3	8.96946E-3	8.66959E-3	8.43608E-3	8.16060E-3	7.92585E-3	7.60319E-3	7.32489E-3	7.00680E-3	6.75460E-3	6.49014E-3	6.22685E-3	5.98674E-3	5.77713E-3	5.52732E-3	5.29699E-3	5.10406E-3	4.90673E-3	4.72040E-3	4.53797E-3	4.36163E-3	4.25100E-3	4.10204E-3	3.96064E-3	3.84903E-3	3.75295E-3	3.62185E-3	3.48212E-3	3.39878E-3	3.26721E-3	3.24912E-3	3.17950E-3	3.10511E-3	3.05082E-3	2.98969E-3	2.94508E-3	2.89131E-3	2.81971E-3	2.78599E-3	2.71837E-3	2.66609E-3	2.66566E-3	2.56778E-3	2.53934E-3	2.50585E-3	2.48198E-3	2.47072E-3	2.41977E-3	2.40199E-3	2.38107E-3	2.34438E-3	2.32391E-3	2.30795E-3	2.27560E-3	2.25921E-3
2.91562E-3	2.94482E-3	2.97311E-3	3.02103E-3	3.10212E-3	3.19025E-3	3.22584E-3	3.27639E-3	3.38956E-3	3.47508E-3	3.55288E-3	3.64401E-3	3.74381E-3	3.84915E-3	3.97448E-3	4.16259E-3	4.24983E-3	4.37990E-3	4.52492E-3	4.69596E-3	4.86602E-3	5.05077E-3	5.25082E-3	5.44872E-3	5.66305E-3	5.89556E-3	6.15807E-3	6.41678E-3	6.73832E-3	6.99337E-3	7.36888E-3	7.66618E-3	8.04128E-3	8.47205E-3	8.85969E-3	9.27068E-3	9.68541E-3	1.00178E-2	1.02830E-2	1.04027E-2	1.03068E-2	1.00184E-2	9.96688E-3	1.00577E-2	9.74835E-3	9.23006E-3	8.84891E-3	8.54731E-3	8.32009E-3	8.06305E-3	7.79342E-3	7.50773E-3	7.20043E-3	6.92596E-3	6.65958E-3	6.39161E-3	6.11739E-3	5.87801E-3	5.65714E-3	5.42737E-3	5.23257E-3	5.02071E-3	4.81922E-3	4.65422E-3	4.49325E-3	4.33940E-3	4.21087E-3	4.06656E-3	3.92558E-3	3.80793E-3	3.69452E-3	3.58764E-3	3.47716E-3	3.37436E-3	3.34380E-3	3.22889E-3	3.17128E-3	3.10213E-3	3.03837E-3	2.96866E-3	2.92910E-3	2.84397E-3	2.80363E-3	2.76374E-3	2.70866E-3	2.64611E-3	2.63944E-3	2.57751E-3	2.55862E-3	2.50822E-3	2.49025E-3	2.43913E-3	2.41667E-3	2.38222E-3	2.38034E-3	2.35545E-3	2.32833E-3	2.29753E-3	2.29850E-3	2.25418E-3
2.89218E-3	2.90701E-3	2.95996E-3	3.00678E-3	3.07000E-3	3.13015E-3	3.22371E-3	3.30374E-3	3.36838E-3	3.46155E-3	3.53553E-3	3.66817E-3	3.76396E-3	3.84432E-3	3.95724E-3	4.09661E-3	4.24796E-3	4.36360E-3	4.50972E-3	4.66620E-3	4.84349E-3	5.04331E-3	5.20451E-3	5.43281E-3	5.66336E-3	5.87460E-3	6.11560E-3	6.41608E-3	6.67509E-3	6.99283E-3	7.30297E-3	7.65699E-3	7.97341E-3	8.43353E-3	8.86130E-3	9.28181E-3	9.69383E-3	1.00415E-2	1.02236E-2	1.03332E-2	1.02466E-2	9.92895E-3	9.70210E-3	9.47912E-3	9.27140E-3	9.05870E-3	8.73652E-3	8.42981E-3	8.18878E-3	7.92804E-3	7.68448E-3	7.40463E-3	7.10849E-3	6.81057E-3	6.54567E-3	6.27694E-3	6.02284E-3	5.83929E-3	5.60027E-3	5.37621E-3	5.15285E-3	4.97379E-3	4.77498E-3	4.61907E-3	4.43300E-3	4.28657E-3	4.16273E-3	4.00806E-3	3.89353E-3	3.77135E-3	3.67590E-3	3.55883E-3	3.46237E-3	3.36702E-3	3.28390E-3	3.22639E-3	3.14229E-3	3.05576E-3	3.01190E-3	2.93190E-3	2.87567E-3	2.83139E-3	2.78176E-3	2.71659E-3	2.70426E-3	2.62402E-3	2.60005E-3	2.57255E-3	2.53699E-3	2.52608E-3	2.46823E-3	2.43549E-3	2.39800E-3	2.39705E-3	2.36709E-3	2.32396E-3	2.31920E-3	2.29747E-3	2.27084E-3	2.23147E-3
2.87872E-3	2.88800E-3	2.92492E-3	2.99046E-3	3.04804E-3	3.11501E-3	3.18498E-3	3.26570E-3	3.35889E-3	3.44960E-3	3.51837E-3	3.63395E-3	3.72368E-3	3.83209E-3	3.94812E-3	4.09522E-3	4.20172E-3	4.35933E-3	4.49743E-3	4.65011E-3	4.82727E-3	5.00880E-3	5.18440E-3	5.42031E-3	5.62522E-3	5.92459E-3	6.14009E-3	6.39077E-3	6.65469E-3	6.95234E-3	7.26986E-3	7.59662E-3	8.00694E-3	8.43272E-3	8.79733E-3	9.20315E-3	9.58665E-3	9.93831E-3	1.01543E-2	1.02569E-2	1.01283E-2	9.82575E-3	9.56308E-3	9.32577E-3	9.13142E-3	8.84648E-3	8.59326E-3	8.31100E-3	8.05223E-3	7.79870E-3	7.54130E-3	7.26070E-3	6.97953E-3	6.67908E-3	6.41646E-3	6.15162E-3	5.91837E-3	5.70397E-3	5.48893E-3	5.26421E-3	5.06066E-3	4.88544E-3	4.70885E-3	4.51809E-3	4.36083E-3	4.22010E-3	4.09700E-3	3.98521E-3	3.87612E-3	3.71696E-3	3.62964E-3	3.51407E-3	3.43703E-3	3.32865E-3	3.25135E-3	3.19208E-3	3.12774E-3	3.03756E-3	2.96270E-3	2.93021E-3	2.87407E-3	2.81241E-3	2.75409E-3	2.70963E-3	2.66157E-3	2.62214E-3	2.60012E-3	2.54582E-3	2.52572E-3	2.47439E-3	2.44671E-3	2.41799E-3	2.39644E-3	2.37757E-3	2.34509E-3	2.33141E-3	2.28054E-3	2.28196E-3	2.24817E-3	2.24237E-3
2.87760E-3	2.87908E-3	2.93411E-3	2.97193E-3	3.02356E-3	3.09476E-3	3.17206E-3	3.24595E-3	3.33036E-3	3.42956E-3	3.51539E-3	3.62449E-3	3.69913E-3	3.81657E-3	3.93623E-3	4.03344E-3	4.16720E-3	4.31666E-3	4.45589E-3	4.62392E-3	4.80215E-3	4.95572E-3	5.13979E-3	5.35579E-3	5.58263E-3	5.81062E-3	6.06780E-3	6.32860E-3	6.60179E-3	6.89491E-3	7.19527E-3	7.53506E-3	7.90080E-3	8.32491E-3	8.70486E-3	9.10812E-3	9.48270E-3	9.83328E-3	1.00211E-2	1.01080E-2	1.00176E-2	9.65038E-3	9.42598E-3	9.19076E-3	8.98142E-3	8.68708E-3	8.42414E-3	8.14432E-3	7.89552E-3	7.64866E-3	7.39603E-3	7.12597E-3	6.84471E-3	6.56907E-3	6.30262E-3	6.03544E-3	5.82535E-3	5.62208E-3	5.41425E-3	5.20686E-3	5.02471E-3	4.82652E-3	4.64748E-3	4.49244E-3	4.32300E-3	4.16492E-3	4.04854E-3	3.92268E-3	3.79360E-3	3.69329E-3	3.59084E-3	3.48226E-3	3.40147E-3	3.30344E-3	3.22954E-3	3.14669E-3	3.09438E-3	3.03674E-3	2.96413E-3	2.91049E-3	2.83323E-3	2.79263E-3	2.72849E-3	2.69443E-3	2.63601E-3	2.59390E-3	2.56641E-3	2.53236E-3	2.50736E-3	2.47203E-3	2.44994E-3	2.40387E-3	2.39236E-3	2.37386E-3	2.32353E-3	2.31066E-3	2.29827E-3	2.25129E-3	2.25483E-3	2.24695E-3
2.86298E-3	2.87218E-3	2.91089E-3	2.96028E-3	3.01946E-3	3.08339E-3	3.16301E-3	3.21775E-3	3.30669E-3	3.38175E-3	3.45993E-3	3.57247E-3	3.68677E-3	3.78589E-3	3.91998E-3	4.02861E-3	4.13758E-3	4.28512E-3	4.43331E-3	4.59521E-3	4.76415E-3	4.97013E-3	5.13195E-3	5.30879E-3	5.53968E-3	5.77910E-3	5.99401E-3	6.29418E-3	6.56305E-3	6.81728E-3	7.16331E-3	7.50105E-3	7.90404E-3	8.28707E-3	8.64249E-3	9.08400E-3	9.43983E-3	9.75266E-3	9.90543E-3	9.99172E-3	9.83825E-3	9.47329E-3	9.25219E-3	9.00841E-3	8.80141E-3	8.53319E-3	8.25601E-3	8.00694E-3	7.76408E-3	7.51366E-3	7.26693E-3	6.98643E-3	6.70981E-3	6.42974E-3	6.16467E-3	5.93155E-3	5.73009E-3	5.52388E-3	5.31256E-3	5.12127E-3	4.90647E-3	4.72924E-3	4.56372E-3	4.41589E-3	4.23300E-3	4.10670E-3	3.98815E-3	3.86703E-3	3.72094E-3	3.60684E-3	3.54341E-3	3.45220E-3	3.33956E-3	3.26421E-3	3.19509E-3	3.13727E-3	3.04961E-3	2.98457E-3	2.89667E-3	2.87180E-3	2.82365E-3	2.75401E-3	2.71247E-3	2.67308E-3	2.62567E-3	2.59057E-3	2.55886E-3	2.54781E-3	2.48826E-3	2.46093E-3	2.42840E-3	2.42729E-3	2.37364E-3	2.34165E-3	2.30430E-3	2.29876E-3	2.27613E-3	2.26723E-3	2.25248E-3	2.21319E-3
2.83435E-3	2.85420E-3	2.90048E-3	2.94163E-3	2.99420E-3	3.04000E-3	3.12631E-3	3.20917E-3	3.28688E-3	3.36235E-3	3.43841E-3	3.54757E-3	3.65983E-3	3.76286E-3	3.86250E-3	4.00233E-3	4.09753E-3	4.23125E-3	4.42034E-3	4.55092E-3	4.71297E-3	4.88997E-3	5.06909E-3	5.26403E-3	5.46977E-3	5.74849E-3	5.98531E-3	6.19856E-3	6.45607E-3	6.73336E-3	7.06482E-3	7.49823E-3	7.99026E-3	8.23437E-3	8.55218E-3	8.94579E-3	9.28216E-3	9.59905E-3	9.80036E-3	9.87572E-3	9.69165E-3	9.30516E-3	9.10483E-3	8.84113E-3	8.61961E-3	8.35009E-3	8.10058E-3	7.85137E-3	7.59320E-3	7.36016E-3	7.06437E-3	6.81337E-3	6.57317E-3	6.36223E-3	6.05900E-3	5.84132E-3	5.60920E-3	5.39983E-3	5.22318E-3	5.01963E-3	4.83848E-3	4.64482E-3	4.49992E-3	4.32849E-3	4.20430E-3	4.06005E-3	3.92643E-3	3.81417E-3	3.70631E-3	3.62151E-3	3.50807E-3	3.40086E-3	3.29308E-3	3.21171E-3	3.16148E-3	3.09425E-3	3.01049E-3	2.95276E-3	2.89337E-3	2.86247E-3	2.79045E-3	2.72297E-3	2.70495E-3	2.65279E-3	2.60695E-3	2.60083E-3	2.54403E-3	2.49215E-3	2.47095E-3	2.44924E-3	2.41886E-3	2.38078E-3	2.34450E-3	2.32021E-3	2.32370E-3	2.28786E-3	2.27416E-3	2.24829E-3	2.21259E-3	2.20422E-3
2.84741E-3	2.86648E-3	2.87774E-3	2.93035E-3	2.98611E-3	3.02006E-3	3.11012E-3	3.18597E-3	3.26545E-3	3.33029E-3	3.39634E-3	3.54861E-3	3.62924E-3	3.73833E-3	3.83909E-3	3.94639E-3	4.07574E-3	4.21732E-3	4.37004E-3	4.53177E-3	4.66809E-3	4.82936E-3	5.00845E-3	5.21594E-3	5.41898E-3	5.65359E-3	5.88881E-3	6.11034E-3	6.37735E-3	6.65412E-3	6.98335E-3	7.42050E-3	7.80625E-3	8.08102E-3	8.48353E-3	8.83448E-3	9.18994E-3	9.51129E-3	9.65634E-3	9.70141E-3	9.49978E-3	9.15085E-3	8.89000E-3	8.68856E-3	8.41534E-3	8.15230E-3	7.87879E-3	7.62236E-3	7.42272E-3	7.23957E-3	6.96302E-3	6.66341E-3	6.38929E-3	6.15381E-3	5.92149E-3	5.70878E-3	5.52269E-3	5.31613E-3	5.13556E-3	4.90418E-3	4.73250E-3	4.57766E-3	4.41416E-3	4.26207E-3	4.12094E-3	3.96739E-3	3.85943E-3	3.76645E-3	3.64641E-3	3.53331E-3	3.43867E-3	3.37319E-3	3.26617E-3	3.19730E-3	3.12712E-3	3.04970E-3	2.97469E-3	2.91874E-3	2.88323E-3	2.80545E-3	2.76609E-3	2.71936E-3	2.64760E-3	2.62863E-3	2.60736E-3	2.56611E-3	2.50801E-3	2.46898E-3	2.42643E-3	2.41778E-3	2.37321E-3	2.35266E-3	2.33017E-3	2.32174E-3	2.30098E-3	2.28138E-3	2.29879E-3	2.27231E-3	2.18856E-3	2.19812E-3
2.80939E-3	2.81400E-3	2.84889E-3	2.89517E-3	2.95471E-3	3.01433E-3	3.07330E-3	3.15227E-3	3.22441E-3	3.28062E-3	3.36545E-3	3.46855E-3	3.58096E-3	3.67745E-3	3.80648E-3	3.92004E-3	4.02310E-3	4.17492E-3	4.34658E-3	4.49911E-3	4.62890E-3	4.78367E-3	4.95329E-3	5.14289E-3	5.34579E-3	5.57149E-3	5.80179E-3	6.03009E-3	6.32946E-3	6.59162E-3	6.88957E-3	7.19357E-3	7.59192E-3	7.92218E-3	8.32963E-3	8.71883E-3	9.03395E-3	9.34078E-3	9.48175E-3	9.49289E-3	9.28329E-3	8.92629E-3	8.66915E-3	8.40800E-3	8.18277E-3	7.92030E-3	7.65372E-3	7.42695E-3	7.20256E-3	6.99846E-3	6.76274E-3	6.52695E-3	6.26604E-3	6.02301E-3	5.79162E-3	5.57648E-3	5.38207E-3	5.18362E-3	5.01117E-3	4.80562E-3	4.63124E-3	4.48223E-3	4.32971E-3	4.17280E-3	4.05702E-3	3.92722E-3	3.82687E-3	3.71535E-3	3.58999E-3	3.49460E-3	3.39514E-3	3.34156E-3	3.23226E-3	3.16618E-3	3.07096E-3	3.01733E-3	2.92357E-3	2.88959E-3	2.83151E-3	2.77106E-3	2.73713E-3	2.68367E-3	2.64148E-3	2.60547E-3	2.56967E-3	2.52128E-3	2.49576E-3	2.45967E-3	2.43150E-3	2.41059E-3	2.37597E-3	2.35158E-3	2.34199E-3	2.31326E-3	2.27532E-3	2.27005E-3	2.25173E-3	2.21464E-3	2.19724E-3	2.20789E-3
2.79801E-3	2.81046E-3	2.84497E-3	2.87711E-3	2.94482E-3	2.98543E-3	3.05149E-3	3.11338E-3	3.19267E-3	3.28627E-3	3.35725E-3	3.43917E-3	3.52588E-3	3.64152E-3	3.76031E-3	3.88622E-3	3.99652E-3	4.15554E-3	4.28535E-3	4.43724E-3	4.59147E-3	4.75187E-3	4.91983E-3	5.11700E-3	5.31513E-3	5.51315E-3	5.74957E-3	5.96882E-3	6.20770E-3	6.48442E-3	6.77206E-3	7.06769E-3	7.40725E-3	7.80468E-3	8.18394E-3	8.52354E-3	8.87309E-3	9.15047E-3	9.25588E-3	9.27801E-3	9.02090E-3	8.68869E-3	8.43950E-3	8.18714E-3	7.94041E-3	7.68116E-3	7.43384E-3	7.22539E-3	7.01492E-3	6.80698E-3	6.59347E-3	6.37676E-3	6.10801E-3	5.86841E-3	5.66234E-3	5.46521E-3	5.28162E-3	5.09538E-3	4.92330E-3	4.72571E-3	4.55195E-3	4.41299E-3	4.25975E-3	4.11070E-3	4.00986E-3	3.86849E-3	3.77465E-3	3.65691E-3	3.55580E-3	3.46967E-3	3.38900E-3	3.26072E-3	3.19755E-3	3.11996E-3	3.04841E-3	2.98907E-3	2.91342E-3	2.86126E-3	2.79253E-3	2.76542E-3	2.71963E-3	2.65614E-3	2.62336E-3	2.58927E-3	2.53560E-3	2.50445E-3	2.48500E-3	2.44319E-3	2.42026E-3	2.39257E-3	2.37282E-3	2.33638E-3	2.29843E-3	2.27926E-3	2.29488E-3	2.25551E-3	2.23808E-3	2.20472E-3	2.21090E-3	2.20343E-3
2.79772E-3	2.80427E-3	2.82564E-3	2.86474E-3	2.95000E-3	2.98587E-3	3.03934E-3	3.09016E-3	3.17253E-3	3.25146E-3	3.34493E-3	3.45029E-3	3.51063E-3	3.62124E-3	3.71305E-3	3.87866E-3	3.95958E-3	4.09109E-3	4.24180E-3	4.38868E-3	4.54934E-3	4.70683E-3	4.86786E-3	5.04925E-3	5.24094E-3	5.44060E-3	5.64336E-3	5.88004E-3	6.12446E-3	6.39320E-3	6.67704E-3	6.96508E-3	7.34365E-3	7.68110E-3	8.03663E-3	8.40382E-3	8.66594E-3	8.91950E-3	9.03249E-3	9.02043E-3	8.75401E-3	8.35869E-3	8.10661E-3	7.86441E-3	7.66718E-3	7.43729E-3	7.19110E-3	6.98924E-3	6.80908E-3	6.60320E-3	6.41153E-3	6.19211E-3	5.93324E-3	5.72918E-3	5.51433E-3	5.31444E-3	5.16243E-3	4.97975E-3	4.82747E-3	4.63142E-3	4.49605E-3	4.33974E-3	4.18898E-3	4.04656E-3	3.91988E-3	3.80205E-3	3.70472E-3	3.59658E-3	3.49160E-3	3.39756E-3	3.31877E-3	3.22011E-3	3.18755E-3	3.08109E-3	2.99628E-3	2.95772E-3	2.89588E-3	2.84125E-3	2.78909E-3	2.71616E-3	2.66770E-3	2.62617E-3	2.59169E-3	2.55588E-3	2.52496E-3	2.47989E-3	2.45827E-3	2.42862E-3	2.40590E-3	2.36632E-3	2.34832E-3	2.32056E-3	2.30731E-3	2.30952E-3	2.27630E-3	2.24526E-3	2.22219E-3	2.19371E-3	2.17980E-3	2.17841E-3
2.75330E-3	2.76004E-3	2.78621E-3	2.83002E-3	2.88640E-3	2.94154E-3	3.00282E-3	3.06985E-3	3.14258E-3	3.23904E-3	3.30482E-3	3.38592E-3	3.48659E-3	3.58484E-3	3.68837E-3	3.78619E-3	3.90578E-3	4.07168E-3	4.20871E-3	4.33194E-3	4.49521E-3	4.67090E-3	4.79120E-3	4.98593E-3	5.18230E-3	5.40640E-3	5.60670E-3	5.76939E-3	6.04549E-3	6.27444E-3	6.53995E-3	6.83210E-3	7.13760E-3	7.48689E-3	7.83273E-3	8.18605E-3	8.47954E-3	8.72654E-3	8.79365E-3	8.70508E-3	8.40884E-3	8.02959E-3	7.76811E-3	7.56338E-3	7.36626E-3	7.10621E-3	6.89536E-3	6.70530E-3	6.57330E-3	6.37067E-3	6.18534E-3	5.95956E-3	5.77076E-3	5.57957E-3	5.37667E-3	5.20815E-3	5.01451E-3	4.87871E-3	4.73464E-3	4.54850E-3	4.37227E-3	4.22489E-3	4.09381E-3	3.97616E-3	3.87621E-3	3.75785E-3	3.63975E-3	3.54118E-3	3.43543E-3	3.36230E-3	3.28343E-3	3.20189E-3	3.12852E-3	3.05548E-3	2.95480E-3	2.93563E-3	2.85577E-3	2.80235E-3	2.74736E-3	2.70525E-3	2.65057E-3	2.59476E-3	2.55649E-3	2.52265E-3	2.49728E-3	2.44912E-3	2.43965E-3	2.40681E-3	2.36008E-3	2.36431E-3	2.33586E-3	2.29789E-3	2.30489E-3	2.27551E-3	2.24820E-3	2.20483E-3	2.21442E-3	2.21492E-3	2.18256E-3	2.16132E-3
2.78054E-3	2.77264E-3	2.76938E-3	2.82211E-3	2.86609E-3	2.91758E-3	2.99005E-3	3.03992E-3	3.11565E-3	3.18322E-3	3.26807E-3	3.38998E-3	3.46641E-3	3.54482E-3	3.64063E-3	3.75512E-3	3.86213E-3	4.01476E-3	4.14664E-3	4.29972E-3	4.43733E-3	4.56503E-3	4.72738E-3	4.92000E-3	5.10658E-3	5.27300E-3	5.49094E-3	5.67507E-3	5.92498E-3	6.12678E-3	6.39594E-3	6.69332E-3	7.01435E-3	7.34505E-3	7.68564E-3	7.98246E-3	8.22623E-3	8.43379E-3	8.47805E-3	8.40172E-3	8.04881E-3	7.70527E-3	7.46480E-3	7.26636E-3	7.04734E-3	6.82023E-3	6.63587E-3	6.44565E-3	6.32868E-3	6.16532E-3	5.99174E-3	5.81240E-3	5.58464E-3	5.40698E-3	5.22432E-3	5.05907E-3	4.89857E-3	4.75480E-3	4.60337E-3	4.45267E-3	4.26447E-3	4.13350E-3	4.03354E-3	3.88116E-3	3.78901E-3	3.67395E-3	3.58515E-3	3.48616E-3	3.38796E-3	3.31548E-3	3.22058E-3	3.15175E-3	3.07834E-3	2.98470E-3	2.93831E-3	2.88794E-3	2.81206E-3	2.76513E-3	2.72416E-3	2.66426E-3	2.62929E-3	2.56089E-3	2.53828E-3	2.50323E-3	2.47246E-3	2.43833E-3	2.40611E-3	2.36868E-3	2.36533E-3	2.33236E-3	2.29960E-3	2.28646E-3	2.27125E-3	2.26835E-3	2.21456E-3	2.21022E-3	2.22208E-3	2.17581E-3	2.17274E-3	2.13792E-3
2.74847E-3	2.74071E-3	2.75166E-3	2.78793E-3	2.84718E-3	2.87951E-3	2.95317E-3	3.01644E-3	3.07739E-3	3.14523E-3	3.24653E-3	3.34427E-3	3.41171E-3	3.49541E-3	3.60245E-3	3.70819E-3	3.82592E-3	3.95010E-3	4.09123E-3	4.23028E-3	4.34965E-3	4.51279E-3	4.64599E-3	4.84317E-3	5.00702E-3	5.20854E-3	5.41094E-3	5.60005E-3	5.81744E-3	6.03455E-3	6.28195E-3	6.53805E-3	6.82003E-3	7.10936E-3	7.43094E-3	7.73346E-3	7.96402E-3	8.13946E-3	8.15402E-3	8.03765E-3	7.67209E-3	7.29954E-3	7.07635E-3	6.89649E-3	6.72213E-3	6.53095E-3	6.35224E-3	6.17026E-3	6.04894E-3	5.90169E-3	5.73695E-3	5.58716E-3	5.40659E-3	5.24510E-3	5.10456E-3	4.94257E-3	4.80149E-3	4.66112E-3	4.52095E-3	4.35132E-3	4.21528E-3	4.07330E-3	3.95520E-3	3.82406E-3	3.72371E-3	3.61716E-3	3.53548E-3	3.43056E-3	3.31561E-3	3.26396E-3	3.18851E-3	3.10085E-3	3.02999E-3	2.96729E-3	2.92181E-3	2.85629E-3	2.80207E-3	2.76532E-3	2.70040E-3	2.67903E-3	2.61062E-3	2.55697E-3	2.52565E-3	2.49848E-3	2.47932E-3	2.46536E-3	2.41354E-3	2.37577E-3	2.36202E-3	2.31803E-3	2.31592E-3	2.29413E-3	2.28264E-3	2.23580E-3	2.22950E-3	2.23427E-3	2.19964E-3	2.20732E-3	2.17339E-3	2.17007E-3
2.72104E-3	2.70766E-3	2.73744E-3	2.77343E-3	2.83004E-3	2.86959E-3	2.93564E-3	2.99686E-3	3.05921E-3	3.11873E-3	3.19264E-3	3.26421E-3	3.34572E-3	3.46079E-3	3.57465E-3	3.67626E-3	3.77462E-3	3.90625E-3	4.03609E-3	4.17142E-3	4.29479E-3	4.44942E-3	4.59187E-3	4.76814E-3	4.94632E-3	5.15676E-3	5.33138E-3	5.49378E-3	5.71637E-3	5.92880E-3	6.15862E-3	6.39256E-3	6.68595E-3	6.85381E-3	7.12519E-3	7.36323E-3	7.52768E-3	7.64885E-3	7.64628E-3	7.52535E-3	7.08433E-3	6.78517E-3	6.58811E-3	6.44853E-3	6.36693E-3	6.17539E-3	6.01377E-3	5.87952E-3	5.76896E-3	5.62340E-3	5.47797E-3	5.35358E-3	5.20666E-3	5.09165E-3	4.91031E-3	4.76874E-3	4.67095E-3	4.56441E-3	4.38026E-3	4.23937E-3	4.09017E-3	3.95907E-3	3.84247E-3	3.74343E-3	3.64462E-3	3.54657E-3	3.45492E-3	3.34551E-3	3.27500E-3	3.20769E-3	3.12715E-3	3.03727E-3	2.98108E-3	2.92052E-3	2.86927E-3	2.81768E-3	2.76079E-3	2.72130E-3	2.65775E-3	2.63684E-3	2.56714E-3	2.52114E-3	2.49432E-3	2.46384E-3	2.44170E-3	2.39523E-3	2.37132E-3	2.36078E-3	2.34432E-3	2.29272E-3	2.28570E-3	2.26516E-3	2.27583E-3	2.24438E-3	2.24292E-3	2.23094E-3	2.20408E-3	2.18178E-3	2.17251E-3	2.17187E-3
2.70789E-3	2.69858E-3	2.74193E-3	2.73204E-3	2.78964E-3	2.84674E-3	2.89862E-3	2.94348E-3	3.01565E-3	3.08299E-3	3.17866E-3	3.22730E-3	3.29518E-3	3.39224E-3	3.49689E-3	3.59718E-3	3.69951E-3	3.84705E-3	3.93589E-3	4.09921E-3	4.16998E-3	4.33959E-3	4.47676E-3	4.65462E-3	4.80481E-3	4.96515E-3	5.13194E-3	5.27385E-3	5.45510E-3	5.62231E-3	5.78622E-3	5.97016E-3	6.07907E-3	6.19598E-3	6.30148E-3	6.35046E-3	6.40892E-3	6.42977E-3	6.47392E-3	6.45383E-3	6.35377E-3	6.24567E-3	6.14230E-3	6.06175E-3	5.94207E-3	5.79266E-3	5.68533E-3	5.58642E-3	5.44432E-3	5.31916E-3	5.20680E-3	5.07458E-3	4.97813E-3	4.85221E-3	4.71715E-3	4.60186E-3	4.46813E-3	4.35375E-3	4.22643E-3	4.09904E-3	3.96168E-3	3.84539E-3	3.74567E-3	3.63564E-3	3.53363E-3	3.43010E-3	3.36042E-3	3.28226E-3	3.20731E-3	3.12839E-3	3.05639E-3	2.97971E-3	2.91688E-3	2.86752E-3	2.81295E-3	2.75918E-3	2.70569E-3	2.65255E-3	2.59683E-3	2.57028E-3	2.48420E-3	2.49781E-3	2.45620E-3	2.41974E-3	2.39943E-3	2.38466E-3	2.32635E-3	2.28842E-3	2.30442E-3	2.27461E-3	2.24517E-3	2.23367E-3	2.21634E-3	2.17560E-3	2.19052E-3	2.18342E-3	2.14430E-3	2.10653E-3	2.12610E-3	2.09641E-3
2.70482E-3	2.67447E-3	2.69632E-3	2.72915E-3	2.78333E-3	2.81010E-3	2.86507E-3	2.91780E-3	2.99161E-3	3.07963E-3	3.12174E-3	3.20524E-3	3.27785E-3	3.33150E-3	3.41362E-3	3.51796E-3	3.64030E-3	3.73602E-3	3.88739E-3	3.98559E-3	4.10802E-3	4.25790E-3	4.33331E-3	4.49801E-3	4.64207E-3	4.77885E-3	4.92105E-3	5.08143E-3	5.18817E-3	5.33771E-3	5.46167E-3	5.59975E-3	5.71415E-3	5.76254E-3	5.84384E-3	5.88471E-3	5.89361E-3	5.93193E-3	5.88526E-3	5.87671E-3	5.83141E-3	5.79058E-3	5.66716E-3	5.60827E-3	5.54771E-3	5.47318E-3	5.35774E-3	5.26623E-3	5.16979E-3	5.06503E-3	4.97798E-3	4.85644E-3	4.72827E-3	4.62693E-3	4.49734E-3	4.38490E-3	4.24087E-3	4.15240E-3	4.02912E-3	3.92479E-3	3.84049E-3	3.71966E-3	3.59125E-3	3.51462E-3	3.45681E-3	3.36751E-3	3.28553E-3	3.20910E-3	3.14384E-3	3.06675E-3	2.98591E-3	2.93571E-3	2.87923E-3	2.77113E-3	2.75202E-3	2.71065E-3	2.65866E-3	2.60468E-3	2.54456E-3	2.53021E-3	2.50170E-3	2.47408E-3	2.43096E-3	2.39825E-3	2.34574E-3	2.34609E-3	2.30362E-3	2.29301E-3	2.28979E-3	2.24103E-3	2.24894E-3	2.21555E-3	2.20681E-3	2.17086E-3	2.17506E-3	2.14346E-3	2.10976E-3	2.12447E-3	2.08702E-3	2.11927E-3
2.65243E-3	2.64307E-3	2.66422E-3	2.69016E-3	2.72618E-3	2.78020E-3	2.81486E-3	2.87367E-3	2.92787E-3	2.97290E-3	3.04982E-3	3.10127E-3	3.17591E-3	3.27176E-3	3.38398E-3	3.45328E-3	3.51650E-3	3.65013E-3	3.77343E-3	3.89404E-3	3.98470E-3	4.09929E-3	4.22788E-3	4.33082E-3	4.47757E-3	4.61072E-3	4.75530E-3	4.86145E-3	4.97873E-3	5.01163E-3	5.15117E-3	5.22575E-3	5.28814E-3	5.36638E-3	5.43814E-3	5.43983E-3	5.45693E-3	5.45426E-3	5.45686E-3	5.44996E-3	5.42009E-3	5.34993E-3	5.28436E-3	5.25531E-3	5.19883E-3	5.14379E-3	5.06062E-3	4.97805E-3	4.89953E-3	4.78280E-3	4.70990E-3	4.61768E-3	4.50239E-3	4.40890E-3	4.29761E-3	4.20314E-3	4.09379E-3	4.00989E-3	3.89809E-3	3.77669E-3	3.69108E-3	3.61341E-3	3.54188E-3	3.38720E-3	3.31147E-3	3.25500E-3	3.21337E-3	3.12711E-3	3.04070E-3	2.97337E-3	2.94246E-3	2.88385E-3	2.81235E-3	2.74994E-3	2.68578E-3	2.65730E-3	2.61815E-3	2.57850E-3	2.52700E-3	2.51812E-3	2.48013E-3	2.43369E-3	2.40453E-3	2.37360E-3	2.33349E-3	2.30787E-3	2.29237E-3	2.25767E-3	2.25048E-3	2.21563E-3	2.21678E-3	2.20252E-3	2.18902E-3	2.15829E-3	2.15263E-3	2.13851E-3	2.13683E-3	2.11186E-3	2.10780E-3	2.08446E-3
